<?xml version="1.0" encoding="UTF-8"?>
<export version="E">
  <design>
    <source>/home/phill/elec_workshop/hardware/inga/laser_logger/basestation/basestation/basestation.kicad_sch</source>
    <date>Thu 03 Mar 2022 09:49:27</date>
    <tool>Eeschema 6.0.1+dfsg-1~bpo11+1</tool>
    <sheet number="1" name="/" tstamps="/">
      <title_block>
        <title>Laser Rangfinder Basestation</title>
        <company>Physics Dept, University of Otago</company>
        <rev>V1.1</rev>
        <date>2022-03-03</date>
        <source>basestation.kicad_sch</source>
        <comment number="1" value="©Phill Brown 2021"/>
        <comment number="2" value="GPL V3 or later"/>
        <comment number="3" value=""/>
        <comment number="4" value=""/>
        <comment number="5" value=""/>
        <comment number="6" value=""/>
        <comment number="7" value=""/>
        <comment number="8" value=""/>
        <comment number="9" value=""/>
      </title_block>
    </sheet>
    <sheet number="2" name="/Communications/" tstamps="/00000000-0000-0000-0000-00006022e77a/">
      <title_block>
        <title>RS485 Port</title>
        <company>Physics Dept, University of Otago</company>
        <rev>V1.1</rev>
        <date>2022-03-03</date>
        <source>comms.kicad_sch</source>
        <comment number="1" value="©Phill Brown 2021"/>
        <comment number="2" value="GPL V3 or later"/>
        <comment number="3" value=""/>
        <comment number="4" value=""/>
        <comment number="5" value=""/>
        <comment number="6" value=""/>
        <comment number="7" value=""/>
        <comment number="8" value=""/>
        <comment number="9" value=""/>
      </title_block>
    </sheet>
    <sheet number="3" name="/Central Processor/" tstamps="/00000000-0000-0000-0000-00006022e7c8/">
      <title_block>
        <title>Main Processor</title>
        <company>Physics Dept, University of Otago</company>
        <rev>V1.1</rev>
        <date>2022-03-03</date>
        <source>processing.kicad_sch</source>
        <comment number="1" value="©Phill Brown 2021"/>
        <comment number="2" value="GPL V3 or later"/>
        <comment number="3" value=""/>
        <comment number="4" value=""/>
        <comment number="5" value=""/>
        <comment number="6" value=""/>
        <comment number="7" value=""/>
        <comment number="8" value=""/>
        <comment number="9" value=""/>
      </title_block>
    </sheet>
    <sheet number="4" name="/Power Supply/" tstamps="/00000000-0000-0000-0000-00006022e7f9/">
      <title_block>
        <title>Power Supply</title>
        <company>Physics Dept, University of Otago</company>
        <rev>V1.1</rev>
        <date>2022-03-03</date>
        <source>power.kicad_sch</source>
        <comment number="1" value="©Phill Brown 2021"/>
        <comment number="2" value="GPL V3 or later"/>
        <comment number="3" value=""/>
        <comment number="4" value=""/>
        <comment number="5" value=""/>
        <comment number="6" value=""/>
        <comment number="7" value=""/>
        <comment number="8" value=""/>
        <comment number="9" value=""/>
      </title_block>
    </sheet>
  </design>
  <components>
    <comp ref="H1">
      <value>~</value>
      <footprint>MountingHole:MountingHole_3.2mm_M3</footprint>
      <libsource lib="Mechanical" part="MountingHole" description="Mounting Hole without connection"/>
      <property name="Sheetname" value=""/>
      <property name="Sheetfile" value="basestation.kicad_sch"/>
      <sheetpath names="/" tstamps="/"/>
      <tstamps>00000000-0000-0000-0000-0000607d7523</tstamps>
    </comp>
    <comp ref="H2">
      <value>~</value>
      <footprint>MountingHole:MountingHole_3.2mm_M3</footprint>
      <libsource lib="Mechanical" part="MountingHole" description="Mounting Hole without connection"/>
      <property name="Sheetname" value=""/>
      <property name="Sheetfile" value="basestation.kicad_sch"/>
      <sheetpath names="/" tstamps="/"/>
      <tstamps>00000000-0000-0000-0000-0000607d771b</tstamps>
    </comp>
    <comp ref="H3">
      <value>~</value>
      <footprint>MountingHole:MountingHole_3.2mm_M3</footprint>
      <libsource lib="Mechanical" part="MountingHole" description="Mounting Hole without connection"/>
      <property name="Sheetname" value=""/>
      <property name="Sheetfile" value="basestation.kicad_sch"/>
      <sheetpath names="/" tstamps="/"/>
      <tstamps>00000000-0000-0000-0000-0000607d7a1a</tstamps>
    </comp>
    <comp ref="H4">
      <value>~</value>
      <footprint>MountingHole:MountingHole_3.2mm_M3</footprint>
      <libsource lib="Mechanical" part="MountingHole" description="Mounting Hole without connection"/>
      <property name="Sheetname" value=""/>
      <property name="Sheetfile" value="basestation.kicad_sch"/>
      <sheetpath names="/" tstamps="/"/>
      <tstamps>00000000-0000-0000-0000-0000607d7b48</tstamps>
    </comp>
    <comp ref="C1">
      <value>4u7</value>
      <footprint>Capacitor_SMD:C_0805_2012Metric_Pad1.18x1.45mm_HandSolder</footprint>
      <libsource lib="Device" part="C" description="Unpolarized capacitor"/>
      <property name="Sheetname" value="Communications"/>
      <property name="Sheetfile" value="comms.kicad_sch"/>
      <sheetpath names="/Communications/" tstamps="/00000000-0000-0000-0000-00006022e77a/"/>
      <tstamps>00000000-0000-0000-0000-0000602c8f90</tstamps>
    </comp>
    <comp ref="C2">
      <value>0.1</value>
      <footprint>Capacitor_SMD:C_0805_2012Metric_Pad1.18x1.45mm_HandSolder</footprint>
      <libsource lib="Device" part="C" description="Unpolarized capacitor"/>
      <property name="Sheetname" value="Communications"/>
      <property name="Sheetfile" value="comms.kicad_sch"/>
      <sheetpath names="/Communications/" tstamps="/00000000-0000-0000-0000-00006022e77a/"/>
      <tstamps>00000000-0000-0000-0000-0000602c8c00</tstamps>
    </comp>
    <comp ref="C4">
      <value>0.1</value>
      <footprint>Capacitor_SMD:C_0805_2012Metric_Pad1.18x1.45mm_HandSolder</footprint>
      <libsource lib="Device" part="C" description="Unpolarized capacitor"/>
      <property name="Sheetname" value="Communications"/>
      <property name="Sheetfile" value="comms.kicad_sch"/>
      <sheetpath names="/Communications/" tstamps="/00000000-0000-0000-0000-00006022e77a/"/>
      <tstamps>00000000-0000-0000-0000-0000602c2329</tstamps>
    </comp>
    <comp ref="J1">
      <value>RJ45_Shielded</value>
      <footprint>Connector_RJ:RJ45_Ninigi_GE</footprint>
      <libsource lib="Connector" part="RJ45_Shielded" description="RJ connector, 8P8C (8 positions 8 connected), Shielded"/>
      <property name="Sheetname" value="Communications"/>
      <property name="Sheetfile" value="comms.kicad_sch"/>
      <sheetpath names="/Communications/" tstamps="/00000000-0000-0000-0000-00006022e77a/"/>
      <tstamps>00000000-0000-0000-0000-0000602883f9</tstamps>
    </comp>
    <comp ref="J4">
      <value>Conn_01x04</value>
      <footprint>Connector_Phoenix_MSTB:PhoenixContact_MSTBVA_2,5_4-G-5,08_1x04_P5.08mm_Vertical</footprint>
      <libsource lib="Connector_Generic" part="Conn_01x04" description="Generic connector, single row, 01x04, script generated (kicad-library-utils/schlib/autogen/connector/)"/>
      <property name="Sheetname" value="Communications"/>
      <property name="Sheetfile" value="comms.kicad_sch"/>
      <sheetpath names="/Communications/" tstamps="/00000000-0000-0000-0000-00006022e77a/"/>
      <tstamps>00000000-0000-0000-0000-000060d429af</tstamps>
    </comp>
    <comp ref="JP3">
      <value>Termination</value>
      <footprint>Jumper:SolderJumper-2_P1.3mm_Bridged2Bar_Pad1.0x1.5mm</footprint>
      <libsource lib="Jumper" part="SolderJumper_2_Bridged" description="Solder Jumper, 2-pole, closed/bridged"/>
      <property name="Sheetname" value="Communications"/>
      <property name="Sheetfile" value="comms.kicad_sch"/>
      <sheetpath names="/Communications/" tstamps="/00000000-0000-0000-0000-00006022e77a/"/>
      <tstamps>00000000-0000-0000-0000-000060d14d4e</tstamps>
    </comp>
    <comp ref="R1">
      <value>120</value>
      <footprint>Resistor_SMD:R_0805_2012Metric_Pad1.20x1.40mm_HandSolder</footprint>
      <libsource lib="Device" part="R" description="Resistor"/>
      <property name="Sheetname" value="Communications"/>
      <property name="Sheetfile" value="comms.kicad_sch"/>
      <sheetpath names="/Communications/" tstamps="/00000000-0000-0000-0000-00006022e77a/"/>
      <tstamps>00000000-0000-0000-0000-000060292928</tstamps>
    </comp>
    <comp ref="R2">
      <value>10k</value>
      <footprint>Resistor_SMD:R_0805_2012Metric_Pad1.20x1.40mm_HandSolder</footprint>
      <libsource lib="Device" part="R" description="Resistor"/>
      <property name="Sheetname" value="Communications"/>
      <property name="Sheetfile" value="comms.kicad_sch"/>
      <sheetpath names="/Communications/" tstamps="/00000000-0000-0000-0000-00006022e77a/"/>
      <tstamps>00000000-0000-0000-0000-00006064f057</tstamps>
    </comp>
    <comp ref="U2">
      <value>LT1785xS8</value>
      <footprint>Package_SO:SOIC-8_3.9x4.9mm_P1.27mm</footprint>
      <datasheet>https://www.analog.com/media/en/technical-documentation/data-sheets/LT1785-1785A-1791-1791A.pdf</datasheet>
      <libsource lib="Interface_UART" part="LT1785xS8" description="RS-485, RS-422 Half duplex 250kbps transceiver, SOIC-8"/>
      <property name="Sheetname" value="Communications"/>
      <property name="Sheetfile" value="comms.kicad_sch"/>
      <sheetpath names="/Communications/" tstamps="/00000000-0000-0000-0000-00006022e77a/"/>
      <tstamps>00000000-0000-0000-0000-000060289126</tstamps>
    </comp>
    <comp ref="BT1">
      <value>Battery_Cell</value>
      <footprint>Battery:BatteryHolder_Keystone_1058_1x2032</footprint>
      <libsource lib="Device" part="Battery_Cell" description="Single-cell battery"/>
      <property name="Sheetname" value="Central Processor"/>
      <property name="Sheetfile" value="processing.kicad_sch"/>
      <sheetpath names="/Central Processor/" tstamps="/00000000-0000-0000-0000-00006022e7c8/"/>
      <tstamps>00000000-0000-0000-0000-00006024732c</tstamps>
    </comp>
    <comp ref="C5">
      <value>4u7</value>
      <footprint>Capacitor_SMD:C_0805_2012Metric_Pad1.18x1.45mm_HandSolder</footprint>
      <libsource lib="Device" part="C" description="Unpolarized capacitor"/>
      <property name="Sheetname" value="Central Processor"/>
      <property name="Sheetfile" value="processing.kicad_sch"/>
      <sheetpath names="/Central Processor/" tstamps="/00000000-0000-0000-0000-00006022e7c8/"/>
      <tstamps>00000000-0000-0000-0000-0000602d14d2</tstamps>
    </comp>
    <comp ref="C6">
      <value>0.1</value>
      <footprint>Capacitor_SMD:C_0805_2012Metric_Pad1.18x1.45mm_HandSolder</footprint>
      <libsource lib="Device" part="C" description="Unpolarized capacitor"/>
      <property name="Sheetname" value="Central Processor"/>
      <property name="Sheetfile" value="processing.kicad_sch"/>
      <sheetpath names="/Central Processor/" tstamps="/00000000-0000-0000-0000-00006022e7c8/"/>
      <tstamps>00000000-0000-0000-0000-0000602d1902</tstamps>
    </comp>
    <comp ref="C7">
      <value>0.1</value>
      <footprint>Capacitor_SMD:C_0805_2012Metric_Pad1.18x1.45mm_HandSolder</footprint>
      <libsource lib="Device" part="C" description="Unpolarized capacitor"/>
      <property name="Sheetname" value="Central Processor"/>
      <property name="Sheetfile" value="processing.kicad_sch"/>
      <sheetpath names="/Central Processor/" tstamps="/00000000-0000-0000-0000-00006022e7c8/"/>
      <tstamps>00000000-0000-0000-0000-000060236bec</tstamps>
    </comp>
    <comp ref="J2">
      <value>USB_A</value>
      <footprint>Connector_USB:USB_A_Molex_67643_Horizontal</footprint>
      <datasheet> ~</datasheet>
      <libsource lib="Connector" part="USB_A" description="USB Type A connector"/>
      <property name="Sheetname" value="Central Processor"/>
      <property name="Sheetfile" value="processing.kicad_sch"/>
      <sheetpath names="/Central Processor/" tstamps="/00000000-0000-0000-0000-00006022e7c8/"/>
      <tstamps>00000000-0000-0000-0000-000060242d91</tstamps>
    </comp>
    <comp ref="P1">
      <value>J1B1211CCD</value>
      <footprint>connector_xtra:J1B1211CCD</footprint>
      <libsource lib="J1B1211CCD" part="J1B1211CCD" description=""/>
      <property name="Sheetname" value="Central Processor"/>
      <property name="Sheetfile" value="processing.kicad_sch"/>
      <sheetpath names="/Central Processor/" tstamps="/00000000-0000-0000-0000-00006022e7c8/"/>
      <tstamps>00000000-0000-0000-0000-000060236328</tstamps>
    </comp>
    <comp ref="U3">
      <value>Teensy4.1</value>
      <footprint>teensy:Teensy41</footprint>
      <libsource lib="teensy" part="Teensy4.1" description=""/>
      <property name="Sheetname" value="Central Processor"/>
      <property name="Sheetfile" value="processing.kicad_sch"/>
      <sheetpath names="/Central Processor/" tstamps="/00000000-0000-0000-0000-00006022e7c8/"/>
      <tstamps>00000000-0000-0000-0000-00006022ecbb</tstamps>
    </comp>
    <comp ref="C3">
      <value>0.1</value>
      <footprint>Capacitor_SMD:C_0805_2012Metric_Pad1.18x1.45mm_HandSolder</footprint>
      <libsource lib="Device" part="C" description="Unpolarized capacitor"/>
      <property name="Sheetname" value="Power Supply"/>
      <property name="Sheetfile" value="power.kicad_sch"/>
      <sheetpath names="/Power Supply/" tstamps="/00000000-0000-0000-0000-00006022e7f9/"/>
      <tstamps>00000000-0000-0000-0000-0000606818f3</tstamps>
    </comp>
    <comp ref="C8">
      <value>22/35V</value>
      <footprint>Capacitor_SMD:C_Elec_5x5.8</footprint>
      <libsource lib="Device" part="CP" description=""/>
      <property name="Sheetname" value="Power Supply"/>
      <property name="Sheetfile" value="power.kicad_sch"/>
      <sheetpath names="/Power Supply/" tstamps="/00000000-0000-0000-0000-00006022e7f9/"/>
      <tstamps>00000000-0000-0000-0000-0000602a9a97</tstamps>
    </comp>
    <comp ref="C9">
      <value>0.1</value>
      <footprint>Capacitor_SMD:C_0805_2012Metric_Pad1.18x1.45mm_HandSolder</footprint>
      <libsource lib="Device" part="C" description="Unpolarized capacitor"/>
      <property name="Sheetname" value="Power Supply"/>
      <property name="Sheetfile" value="power.kicad_sch"/>
      <sheetpath names="/Power Supply/" tstamps="/00000000-0000-0000-0000-00006022e7f9/"/>
      <tstamps>00000000-0000-0000-0000-0000602a9dab</tstamps>
    </comp>
    <comp ref="C10">
      <value>0.1</value>
      <footprint>Capacitor_SMD:C_0805_2012Metric_Pad1.18x1.45mm_HandSolder</footprint>
      <libsource lib="Device" part="C" description="Unpolarized capacitor"/>
      <property name="Sheetname" value="Power Supply"/>
      <property name="Sheetfile" value="power.kicad_sch"/>
      <sheetpath names="/Power Supply/" tstamps="/00000000-0000-0000-0000-00006022e7f9/"/>
      <tstamps>00000000-0000-0000-0000-0000602aa0e0</tstamps>
    </comp>
    <comp ref="C11">
      <value>22/35V</value>
      <footprint>Capacitor_SMD:C_Elec_5x5.8</footprint>
      <libsource lib="Device" part="CP" description=""/>
      <property name="Sheetname" value="Power Supply"/>
      <property name="Sheetfile" value="power.kicad_sch"/>
      <sheetpath names="/Power Supply/" tstamps="/00000000-0000-0000-0000-00006022e7f9/"/>
      <tstamps>00000000-0000-0000-0000-0000602aa28c</tstamps>
    </comp>
    <comp ref="C12">
      <value>0.1</value>
      <footprint>Capacitor_SMD:C_0805_2012Metric_Pad1.18x1.45mm_HandSolder</footprint>
      <libsource lib="Device" part="C" description="Unpolarized capacitor"/>
      <property name="Sheetname" value="Power Supply"/>
      <property name="Sheetfile" value="power.kicad_sch"/>
      <sheetpath names="/Power Supply/" tstamps="/00000000-0000-0000-0000-00006022e7f9/"/>
      <tstamps>00000000-0000-0000-0000-00006067ce15</tstamps>
    </comp>
    <comp ref="C13">
      <value>0.1</value>
      <footprint>Capacitor_SMD:C_0805_2012Metric_Pad1.18x1.45mm_HandSolder</footprint>
      <libsource lib="Device" part="C" description="Unpolarized capacitor"/>
      <property name="Sheetname" value="Power Supply"/>
      <property name="Sheetfile" value="power.kicad_sch"/>
      <sheetpath names="/Power Supply/" tstamps="/00000000-0000-0000-0000-00006022e7f9/"/>
      <tstamps>00000000-0000-0000-0000-00006098787b</tstamps>
    </comp>
    <comp ref="C14">
      <value>0.1</value>
      <footprint>Capacitor_SMD:C_0805_2012Metric_Pad1.18x1.45mm_HandSolder</footprint>
      <libsource lib="Device" part="C" description="Unpolarized capacitor"/>
      <property name="Sheetname" value="Power Supply"/>
      <property name="Sheetfile" value="power.kicad_sch"/>
      <sheetpath names="/Power Supply/" tstamps="/00000000-0000-0000-0000-00006022e7f9/"/>
      <tstamps>00000000-0000-0000-0000-0000609874f5</tstamps>
    </comp>
    <comp ref="C15">
      <value>0.1</value>
      <footprint>Capacitor_SMD:C_0805_2012Metric_Pad1.18x1.45mm_HandSolder</footprint>
      <libsource lib="Device" part="C" description="Unpolarized capacitor"/>
      <property name="Sheetname" value="Power Supply"/>
      <property name="Sheetfile" value="power.kicad_sch"/>
      <sheetpath names="/Power Supply/" tstamps="/00000000-0000-0000-0000-00006022e7f9/"/>
      <tstamps>00000000-0000-0000-0000-000060987d14</tstamps>
    </comp>
    <comp ref="C16">
      <value>0.1</value>
      <footprint>Capacitor_SMD:C_0805_2012Metric_Pad1.18x1.45mm_HandSolder</footprint>
      <libsource lib="Device" part="C" description="Unpolarized capacitor"/>
      <property name="Sheetname" value="Power Supply"/>
      <property name="Sheetfile" value="power.kicad_sch"/>
      <sheetpath names="/Power Supply/" tstamps="/00000000-0000-0000-0000-00006022e7f9/"/>
      <tstamps>00000000-0000-0000-0000-000060986b7b</tstamps>
    </comp>
    <comp ref="C17">
      <value>0.1</value>
      <footprint>Capacitor_SMD:C_0805_2012Metric_Pad1.18x1.45mm_HandSolder</footprint>
      <libsource lib="Device" part="C" description="Unpolarized capacitor"/>
      <property name="Sheetname" value="Power Supply"/>
      <property name="Sheetfile" value="power.kicad_sch"/>
      <sheetpath names="/Power Supply/" tstamps="/00000000-0000-0000-0000-00006022e7f9/"/>
      <tstamps>00000000-0000-0000-0000-000060987024</tstamps>
    </comp>
    <comp ref="D1">
      <value>RB068MM-30TR</value>
      <footprint>Diode_SMD:D_SOD-123</footprint>
      <libsource lib="Device" part="D_Schottky" description="Schottky diode"/>
      <property name="Sheetname" value="Power Supply"/>
      <property name="Sheetfile" value="power.kicad_sch"/>
      <sheetpath names="/Power Supply/" tstamps="/00000000-0000-0000-0000-00006022e7f9/"/>
      <tstamps>00000000-0000-0000-0000-0000602ac72e</tstamps>
    </comp>
    <comp ref="D2">
      <value>SMA6J15A-Q</value>
      <footprint>Diode_SMD:D_SMC</footprint>
      <libsource lib="Device" part="D_TVS" description="Bidirectional transient-voltage-suppression diode"/>
      <property name="Sheetname" value="Power Supply"/>
      <property name="Sheetfile" value="power.kicad_sch"/>
      <sheetpath names="/Power Supply/" tstamps="/00000000-0000-0000-0000-00006022e7f9/"/>
      <tstamps>00000000-0000-0000-0000-0000607cf720</tstamps>
    </comp>
    <comp ref="F1">
      <value>1AT</value>
      <footprint>Fuse:Fuseholder_Cylinder-5x20mm_Stelvio-Kontek_PTF78_Horizontal_Open</footprint>
      <libsource lib="Device" part="Fuse" description="Fuse"/>
      <property name="Sheetname" value="Power Supply"/>
      <property name="Sheetfile" value="power.kicad_sch"/>
      <sheetpath names="/Power Supply/" tstamps="/00000000-0000-0000-0000-00006022e7f9/"/>
      <tstamps>00000000-0000-0000-0000-0000602ab3e9</tstamps>
    </comp>
    <comp ref="J3">
      <value>Conn_01x06</value>
      <footprint>Connector_Phoenix_MSTB:PhoenixContact_MSTBVA_2,5_6-G-5,08_1x06_P5.08mm_Vertical</footprint>
      <libsource lib="Connector_Generic" part="Conn_01x06" description="Generic connector, single row, 01x06, script generated (kicad-library-utils/schlib/autogen/connector/)"/>
      <property name="Sheetname" value="Power Supply"/>
      <property name="Sheetfile" value="power.kicad_sch"/>
      <sheetpath names="/Power Supply/" tstamps="/00000000-0000-0000-0000-00006022e7f9/"/>
      <tstamps>00000000-0000-0000-0000-0000606910c7</tstamps>
    </comp>
    <comp ref="JP1">
      <value>SolderJumper_3_Bridged12</value>
      <footprint>Jumper:SolderJumper-3_P1.3mm_Bridged12_Pad1.0x1.5mm</footprint>
      <libsource lib="Jumper" part="SolderJumper_3_Bridged12" description="3-pole Solder Jumper, pins 1+2 closed/bridged"/>
      <property name="Sheetname" value="Power Supply"/>
      <property name="Sheetfile" value="power.kicad_sch"/>
      <sheetpath names="/Power Supply/" tstamps="/00000000-0000-0000-0000-00006022e7f9/"/>
      <tstamps>00000000-0000-0000-0000-0000609e0a61</tstamps>
    </comp>
    <comp ref="JP2">
      <value>SolderJumper_3_Bridged12</value>
      <footprint>Jumper:SolderJumper-3_P1.3mm_Bridged12_Pad1.0x1.5mm</footprint>
      <libsource lib="Jumper" part="SolderJumper_3_Bridged12" description="3-pole Solder Jumper, pins 1+2 closed/bridged"/>
      <property name="Sheetname" value="Power Supply"/>
      <property name="Sheetfile" value="power.kicad_sch"/>
      <sheetpath names="/Power Supply/" tstamps="/00000000-0000-0000-0000-00006022e7f9/"/>
      <tstamps>00000000-0000-0000-0000-0000609e253d</tstamps>
    </comp>
    <comp ref="R3">
      <value>10k</value>
      <footprint>Resistor_SMD:R_0805_2012Metric_Pad1.20x1.40mm_HandSolder</footprint>
      <libsource lib="Device" part="R" description="Resistor"/>
      <property name="Sheetname" value="Power Supply"/>
      <property name="Sheetfile" value="power.kicad_sch"/>
      <sheetpath names="/Power Supply/" tstamps="/00000000-0000-0000-0000-00006022e7f9/"/>
      <tstamps>00000000-0000-0000-0000-00006068a88a</tstamps>
    </comp>
    <comp ref="R4">
      <value>10k</value>
      <footprint>Resistor_SMD:R_0805_2012Metric_Pad1.20x1.40mm_HandSolder</footprint>
      <libsource lib="Device" part="R" description="Resistor"/>
      <property name="Sheetname" value="Power Supply"/>
      <property name="Sheetfile" value="power.kicad_sch"/>
      <sheetpath names="/Power Supply/" tstamps="/00000000-0000-0000-0000-00006022e7f9/"/>
      <tstamps>00000000-0000-0000-0000-000060a9b323</tstamps>
    </comp>
    <comp ref="SW1">
      <value>ON_OFF</value>
      <footprint>Connector_Phoenix_MSTB:PhoenixContact_MSTBVA_2,5_3-G-5,08_1x03_P5.08mm_Vertical</footprint>
      <libsource lib="Connector_Generic" part="Conn_01x03" description="Generic connector, single row, 01x03, script generated (kicad-library-utils/schlib/autogen/connector/)"/>
      <property name="Sheetname" value="Power Supply"/>
      <property name="Sheetfile" value="power.kicad_sch"/>
      <sheetpath names="/Power Supply/" tstamps="/00000000-0000-0000-0000-00006022e7f9/"/>
      <tstamps>00000000-0000-0000-0000-0000609cb0c9</tstamps>
    </comp>
    <comp ref="U1">
      <value>TXB0104PW</value>
      <footprint>Package_SO:TSSOP-14_4.4x5mm_P0.65mm</footprint>
      <datasheet>http://www.ti.com/lit/ds/symlink/txb0104.pdf</datasheet>
      <libsource lib="Logic_LevelTranslator" part="TXB0104PW" description="4-Bit Bidirectional Voltage-Level Translator, Auto Direction Sensing and ±15-kV ESD Protection, 1.2 - 3.6V APort, 1.65 - 5.5V BPort, TSSOP-14"/>
      <property name="Sheetname" value="Power Supply"/>
      <property name="Sheetfile" value="power.kicad_sch"/>
      <sheetpath names="/Power Supply/" tstamps="/00000000-0000-0000-0000-00006022e7f9/"/>
      <tstamps>00000000-0000-0000-0000-00006067156c</tstamps>
    </comp>
    <comp ref="U4">
      <value>OKI-78SR-5_1.5-W36-C</value>
      <footprint>Converter_DCDC:Converter_DCDC_muRata_OKI-78SR_Vertical</footprint>
      <datasheet>https://power.murata.com/data/power/oki-78sr.pdf</datasheet>
      <libsource lib="Converter_DCDC" part="OKI-78SR-5_1.5-W36-C" description="1.5A Step-Down DC/DC-Regulator, 7-36V input, 5V fixed Output Voltage, LM78xx replacement, -40°C to +85°C, OKI-78SR_Vertical"/>
      <property name="Sheetname" value="Power Supply"/>
      <property name="Sheetfile" value="power.kicad_sch"/>
      <sheetpath names="/Power Supply/" tstamps="/00000000-0000-0000-0000-00006022e7f9/"/>
      <tstamps>00000000-0000-0000-0000-0000602aa9b5</tstamps>
    </comp>
    <comp ref="U5">
      <value>MAX3221</value>
      <footprint>Package_SO:TSSOP-16_4.4x5mm_P0.65mm</footprint>
      <datasheet>http://www.ti.com/lit/ds/symlink/max3221.pdf</datasheet>
      <libsource lib="Interface_UART" part="MAX3221" description="RS232 transceiver with 15kV ESD protection"/>
      <property name="Sheetname" value="Power Supply"/>
      <property name="Sheetfile" value="power.kicad_sch"/>
      <sheetpath names="/Power Supply/" tstamps="/00000000-0000-0000-0000-00006022e7f9/"/>
      <tstamps>00000000-0000-0000-0000-00006095a775</tstamps>
    </comp>
  </components>
  <libparts>
    <libpart lib="Connector" part="RJ45_Shielded">
      <description>RJ connector, 8P8C (8 positions 8 connected), Shielded</description>
      <docs>~</docs>
      <footprints>
        <fp>8P8C*</fp>
        <fp>RJ31*</fp>
        <fp>RJ32*</fp>
        <fp>RJ33*</fp>
        <fp>RJ34*</fp>
        <fp>RJ35*</fp>
        <fp>RJ41*</fp>
        <fp>RJ45*</fp>
        <fp>RJ49*</fp>
        <fp>RJ61*</fp>
      </footprints>
      <fields>
        <field name="Reference">J</field>
        <field name="Value">RJ45_Shielded</field>
        <field name="Datasheet">~</field>
      </fields>
      <pins>
        <pin num="1" name="" type="passive"/>
        <pin num="2" name="" type="passive"/>
        <pin num="3" name="" type="passive"/>
        <pin num="4" name="" type="passive"/>
        <pin num="5" name="" type="passive"/>
        <pin num="6" name="" type="passive"/>
        <pin num="7" name="" type="passive"/>
        <pin num="8" name="" type="passive"/>
        <pin num="SH" name="" type="passive"/>
      </pins>
    </libpart>
    <libpart lib="Connector" part="USB_A">
      <description>USB Type A connector</description>
      <docs> ~</docs>
      <footprints>
        <fp>USB*</fp>
      </footprints>
      <fields>
        <field name="Reference">J</field>
        <field name="Value">USB_A</field>
        <field name="Datasheet"> ~</field>
      </fields>
      <pins>
        <pin num="1" name="VBUS" type="power_in"/>
        <pin num="2" name="D-" type="bidirectional"/>
        <pin num="3" name="D+" type="bidirectional"/>
        <pin num="4" name="GND" type="power_in"/>
        <pin num="5" name="Shield" type="passive"/>
      </pins>
    </libpart>
    <libpart lib="Connector_Generic" part="Conn_01x03">
      <description>Generic connector, single row, 01x03, script generated (kicad-library-utils/schlib/autogen/connector/)</description>
      <docs>~</docs>
      <footprints>
        <fp>Connector*:*_1x??_*</fp>
      </footprints>
      <fields>
        <field name="Reference">J</field>
        <field name="Value">Conn_01x03</field>
        <field name="Datasheet">~</field>
      </fields>
      <pins>
        <pin num="1" name="Pin_1" type="passive"/>
        <pin num="2" name="Pin_2" type="passive"/>
        <pin num="3" name="Pin_3" type="passive"/>
      </pins>
    </libpart>
    <libpart lib="Connector_Generic" part="Conn_01x04">
      <description>Generic connector, single row, 01x04, script generated (kicad-library-utils/schlib/autogen/connector/)</description>
      <docs>~</docs>
      <footprints>
        <fp>Connector*:*_1x??_*</fp>
      </footprints>
      <fields>
        <field name="Reference">J</field>
        <field name="Value">Conn_01x04</field>
        <field name="Datasheet">~</field>
      </fields>
      <pins>
        <pin num="1" name="Pin_1" type="passive"/>
        <pin num="2" name="Pin_2" type="passive"/>
        <pin num="3" name="Pin_3" type="passive"/>
        <pin num="4" name="Pin_4" type="passive"/>
      </pins>
    </libpart>
    <libpart lib="Connector_Generic" part="Conn_01x06">
      <description>Generic connector, single row, 01x06, script generated (kicad-library-utils/schlib/autogen/connector/)</description>
      <docs>~</docs>
      <footprints>
        <fp>Connector*:*_1x??_*</fp>
      </footprints>
      <fields>
        <field name="Reference">J</field>
        <field name="Value">Conn_01x06</field>
        <field name="Datasheet">~</field>
      </fields>
      <pins>
        <pin num="1" name="Pin_1" type="passive"/>
        <pin num="2" name="Pin_2" type="passive"/>
        <pin num="3" name="Pin_3" type="passive"/>
        <pin num="4" name="Pin_4" type="passive"/>
        <pin num="5" name="Pin_5" type="passive"/>
        <pin num="6" name="Pin_6" type="passive"/>
      </pins>
    </libpart>
    <libpart lib="Converter_DCDC" part="OKI-78SR-5_1.5-W36-C">
      <description>1.5A Step-Down DC/DC-Regulator, 7-36V input, 5V fixed Output Voltage, LM78xx replacement, -40°C to +85°C, OKI-78SR_Vertical</description>
      <docs>https://power.murata.com/data/power/oki-78sr.pdf</docs>
      <footprints>
        <fp>Converter*DCDC*Murata*OKI*78SR*Vertical*</fp>
      </footprints>
      <fields>
        <field name="Reference">U</field>
        <field name="Value">OKI-78SR-5_1.5-W36-C</field>
        <field name="Footprint">Converter_DCDC:Converter_DCDC_Murata_OKI-78SR_Vertical</field>
        <field name="Datasheet">https://power.murata.com/data/power/oki-78sr.pdf</field>
      </fields>
      <pins>
        <pin num="1" name="IN" type="power_in"/>
        <pin num="2" name="GND" type="power_in"/>
        <pin num="3" name="OUT" type="power_out"/>
      </pins>
    </libpart>
    <libpart lib="Device" part="Battery_Cell">
      <description>Single-cell battery</description>
      <docs>~</docs>
      <fields>
        <field name="Reference">BT</field>
        <field name="Value">Battery_Cell</field>
        <field name="Datasheet">~</field>
      </fields>
      <pins>
        <pin num="1" name="+" type="passive"/>
        <pin num="2" name="-" type="passive"/>
      </pins>
    </libpart>
    <libpart lib="Device" part="C">
      <description>Unpolarized capacitor</description>
      <docs>~</docs>
      <footprints>
        <fp>C_*</fp>
      </footprints>
      <fields>
        <field name="Reference">C</field>
        <field name="Value">C</field>
        <field name="Datasheet">~</field>
      </fields>
      <pins>
        <pin num="1" name="" type="passive"/>
        <pin num="2" name="" type="passive"/>
      </pins>
    </libpart>
    <libpart lib="Device" part="CP">
      <footprints>
        <fp>CP_*</fp>
      </footprints>
      <fields>
        <field name="Reference">C</field>
        <field name="Value">Device_CP</field>
      </fields>
      <pins>
        <pin num="1" name="" type="passive"/>
        <pin num="2" name="" type="passive"/>
      </pins>
    </libpart>
    <libpart lib="Device" part="D_Schottky">
      <description>Schottky diode</description>
      <docs>~</docs>
      <footprints>
        <fp>TO-???*</fp>
        <fp>*_Diode_*</fp>
        <fp>*SingleDiode*</fp>
        <fp>D_*</fp>
      </footprints>
      <fields>
        <field name="Reference">D</field>
        <field name="Value">D_Schottky</field>
        <field name="Datasheet">~</field>
      </fields>
      <pins>
        <pin num="1" name="K" type="passive"/>
        <pin num="2" name="A" type="passive"/>
      </pins>
    </libpart>
    <libpart lib="Device" part="D_TVS">
      <description>Bidirectional transient-voltage-suppression diode</description>
      <docs>~</docs>
      <footprints>
        <fp>TO-???*</fp>
        <fp>*_Diode_*</fp>
        <fp>*SingleDiode*</fp>
        <fp>D_*</fp>
      </footprints>
      <fields>
        <field name="Reference">D</field>
        <field name="Value">D_TVS</field>
        <field name="Datasheet">~</field>
      </fields>
      <pins>
        <pin num="1" name="A1" type="passive"/>
        <pin num="2" name="A2" type="passive"/>
      </pins>
    </libpart>
    <libpart lib="Device" part="Fuse">
      <description>Fuse</description>
      <docs>~</docs>
      <footprints>
        <fp>*Fuse*</fp>
      </footprints>
      <fields>
        <field name="Reference">F</field>
        <field name="Value">Fuse</field>
        <field name="Datasheet">~</field>
      </fields>
      <pins>
        <pin num="1" name="" type="passive"/>
        <pin num="2" name="" type="passive"/>
      </pins>
    </libpart>
    <libpart lib="Device" part="R">
      <description>Resistor</description>
      <docs>~</docs>
      <footprints>
        <fp>R_*</fp>
      </footprints>
      <fields>
        <field name="Reference">R</field>
        <field name="Value">R</field>
        <field name="Datasheet">~</field>
      </fields>
      <pins>
        <pin num="1" name="" type="passive"/>
        <pin num="2" name="" type="passive"/>
      </pins>
    </libpart>
    <libpart lib="Interface_UART" part="LT1785xS8">
      <description>RS-485, RS-422 Half duplex 250kbps transceiver, SOIC-8</description>
      <docs>https://www.analog.com/media/en/technical-documentation/data-sheets/LT1785-1785A-1791-1791A.pdf</docs>
      <footprints>
        <fp>SOIC*3.9x4.9mm*P1.27mm*</fp>
      </footprints>
      <fields>
        <field name="Reference">U</field>
        <field name="Value">LT1785xS8</field>
        <field name="Footprint">Package_SO:SOIC-8_3.9x4.9mm_P1.27mm</field>
        <field name="Datasheet">https://www.analog.com/media/en/technical-documentation/data-sheets/LT1785-1785A-1791-1791A.pdf</field>
      </fields>
      <pins>
        <pin num="1" name="RO" type="output"/>
        <pin num="2" name="~{RE}" type="input"/>
        <pin num="3" name="DE" type="input"/>
        <pin num="4" name="DI" type="input"/>
        <pin num="5" name="GND" type="power_in"/>
        <pin num="6" name="A" type="bidirectional"/>
        <pin num="7" name="B" type="bidirectional"/>
        <pin num="8" name="VCC" type="power_in"/>
      </pins>
    </libpart>
    <libpart lib="Interface_UART" part="MAX3221">
      <description>RS232 transceiver with 15kV ESD protection</description>
      <docs>http://www.ti.com/lit/ds/symlink/max3221.pdf</docs>
      <footprints>
        <fp>SSOP*</fp>
        <fp>TSSOP*</fp>
      </footprints>
      <fields>
        <field name="Reference">U</field>
        <field name="Value">MAX3221</field>
        <field name="Datasheet">http://www.ti.com/lit/ds/symlink/max3221.pdf</field>
      </fields>
      <pins>
        <pin num="1" name="~{EN}" type="input"/>
        <pin num="2" name="C1+" type="passive"/>
        <pin num="3" name="V+" type="power_out"/>
        <pin num="4" name="C1-" type="passive"/>
        <pin num="5" name="C2+" type="passive"/>
        <pin num="6" name="C2-" type="passive"/>
        <pin num="7" name="V-" type="power_out"/>
        <pin num="8" name="RIN" type="input"/>
        <pin num="9" name="ROUT" type="output"/>
        <pin num="10" name="~{INVALID}" type="output"/>
        <pin num="11" name="DIN" type="input"/>
        <pin num="12" name="FORCEON" type="input"/>
        <pin num="13" name="DOUT" type="output"/>
        <pin num="14" name="GND" type="power_in"/>
        <pin num="15" name="VCC" type="power_in"/>
        <pin num="16" name="~{FORCEOFF}" type="input"/>
      </pins>
    </libpart>
    <libpart lib="J1B1211CCD" part="J1B1211CCD">
      <fields>
        <field name="Reference">P</field>
        <field name="Value">J1B1211CCD_J1B1211CCD</field>
        <field name="Footprint">J1B1211CCD</field>
      </fields>
      <pins>
        <pin num="1" name="TD+" type="passive"/>
        <pin num="2" name="TCT" type="passive"/>
        <pin num="3" name="TD-" type="passive"/>
        <pin num="4" name="RD+" type="passive"/>
        <pin num="5" name="RCT" type="passive"/>
        <pin num="6" name="RD-" type="passive"/>
        <pin num="7" name="NC" type="passive"/>
        <pin num="8" name="GH_GND@1" type="passive"/>
        <pin num="9" name="GRN-" type="passive"/>
        <pin num="10" name="GRN+" type="passive"/>
        <pin num="11" name="YLW-" type="passive"/>
        <pin num="12" name="YLW+" type="passive"/>
        <pin num="13" name="CH_GND@2" type="passive"/>
        <pin num="14" name="CH_GND@3" type="passive"/>
      </pins>
    </libpart>
    <libpart lib="Jumper" part="SolderJumper_2_Bridged">
      <description>Solder Jumper, 2-pole, closed/bridged</description>
      <docs>~</docs>
      <footprints>
        <fp>SolderJumper*Bridged*</fp>
      </footprints>
      <fields>
        <field name="Reference">JP</field>
        <field name="Value">SolderJumper_2_Bridged</field>
        <field name="Datasheet">~</field>
      </fields>
      <pins>
        <pin num="1" name="A" type="passive"/>
        <pin num="2" name="B" type="passive"/>
      </pins>
    </libpart>
    <libpart lib="Jumper" part="SolderJumper_3_Bridged12">
      <description>3-pole Solder Jumper, pins 1+2 closed/bridged</description>
      <docs>~</docs>
      <footprints>
        <fp>SolderJumper*Bridged12*</fp>
      </footprints>
      <fields>
        <field name="Reference">JP</field>
        <field name="Value">SolderJumper_3_Bridged12</field>
        <field name="Datasheet">~</field>
      </fields>
      <pins>
        <pin num="1" name="A" type="passive"/>
        <pin num="2" name="C" type="passive"/>
        <pin num="3" name="B" type="passive"/>
      </pins>
    </libpart>
    <libpart lib="Logic_LevelTranslator" part="TXB0104PW">
      <description>4-Bit Bidirectional Voltage-Level Translator, Auto Direction Sensing and ±15-kV ESD Protection, 1.2 - 3.6V APort, 1.65 - 5.5V BPort, TSSOP-14</description>
      <docs>http://www.ti.com/lit/ds/symlink/txb0104.pdf</docs>
      <footprints>
        <fp>TSSOP*14*5mm*P0.65mm*</fp>
      </footprints>
      <fields>
        <field name="Reference">U</field>
        <field name="Value">TXB0104PW</field>
        <field name="Footprint">Package_SO:TSSOP-14_4.4x5mm_P0.65mm</field>
        <field name="Datasheet">http://www.ti.com/lit/ds/symlink/txb0104.pdf</field>
      </fields>
      <pins>
        <pin num="1" name="VCCA" type="power_in"/>
        <pin num="2" name="A1" type="bidirectional"/>
        <pin num="3" name="A2" type="bidirectional"/>
        <pin num="4" name="A3" type="bidirectional"/>
        <pin num="5" name="A4" type="bidirectional"/>
        <pin num="6" name="NC" type="no_connect"/>
        <pin num="7" name="GND" type="power_in"/>
        <pin num="8" name="OE" type="input"/>
        <pin num="9" name="NC" type="no_connect"/>
        <pin num="10" name="B4" type="bidirectional"/>
        <pin num="11" name="B3" type="bidirectional"/>
        <pin num="12" name="B2" type="bidirectional"/>
        <pin num="13" name="B1" type="bidirectional"/>
        <pin num="14" name="VCCB" type="power_in"/>
      </pins>
    </libpart>
    <libpart lib="Mechanical" part="MountingHole">
      <description>Mounting Hole without connection</description>
      <docs>~</docs>
      <footprints>
        <fp>MountingHole*</fp>
      </footprints>
      <fields>
        <field name="Reference">H</field>
        <field name="Value">MountingHole</field>
        <field name="Datasheet">~</field>
      </fields>
    </libpart>
    <libpart lib="teensy" part="Teensy4.1">
      <fields>
        <field name="Reference">U</field>
        <field name="Value">teensy_Teensy4.1</field>
      </fields>
      <pins>
        <pin num="1" name="GND" type="power_in"/>
        <pin num="2" name="0_RX1_CRX2_CS1" type="bidirectional"/>
        <pin num="3" name="1_TX1_CTX2_MISO1" type="bidirectional"/>
        <pin num="4" name="2_OUT2" type="bidirectional"/>
        <pin num="5" name="3_LRCLK2" type="bidirectional"/>
        <pin num="6" name="4_BCLK2" type="bidirectional"/>
        <pin num="7" name="5_IN2" type="bidirectional"/>
        <pin num="8" name="6_OUT1D" type="bidirectional"/>
        <pin num="9" name="7_RX2_OUT1A" type="bidirectional"/>
        <pin num="10" name="8_TX2_IN1" type="bidirectional"/>
        <pin num="11" name="9_OUT1C" type="bidirectional"/>
        <pin num="12" name="10_CS_MQSR" type="bidirectional"/>
        <pin num="13" name="11_MOSI_CTX1" type="bidirectional"/>
        <pin num="14" name="12_MISO_MQSL" type="bidirectional"/>
        <pin num="15" name="3V3" type="power_in"/>
        <pin num="16" name="24_A10_TX6_SCL2" type="bidirectional"/>
        <pin num="17" name="25_A11_RX6_SDA2" type="bidirectional"/>
        <pin num="18" name="26_A12_MOSI1" type="bidirectional"/>
        <pin num="19" name="27_A13_SCK1" type="bidirectional"/>
        <pin num="20" name="28_RX7" type="bidirectional"/>
        <pin num="21" name="29_TX7" type="bidirectional"/>
        <pin num="22" name="30_CRX3" type="bidirectional"/>
        <pin num="23" name="31_CTX3" type="bidirectional"/>
        <pin num="24" name="32_OUT1B" type="bidirectional"/>
        <pin num="25" name="33_MCLK2" type="bidirectional"/>
        <pin num="26" name="34_RX8" type="bidirectional"/>
        <pin num="27" name="35_TX8" type="bidirectional"/>
        <pin num="28" name="36_CS" type="bidirectional"/>
        <pin num="29" name="37_CS" type="bidirectional"/>
        <pin num="30" name="38_CS1_IN1" type="bidirectional"/>
        <pin num="31" name="39_MISO1_OUT1A" type="bidirectional"/>
        <pin num="32" name="40_A16" type="bidirectional"/>
        <pin num="33" name="41_A17" type="bidirectional"/>
        <pin num="34" name="GND" type="power_in"/>
        <pin num="35" name="13_SCK_LED" type="bidirectional"/>
        <pin num="36" name="14_A0_TX3_SPDIF_OUT" type="bidirectional"/>
        <pin num="37" name="15_A1_RX3_SPDIF_IN" type="bidirectional"/>
        <pin num="38" name="16_A2_RX4_SCL1" type="bidirectional"/>
        <pin num="39" name="17_A3_TX4_SDA1" type="bidirectional"/>
        <pin num="40" name="18_A4_SDA" type="bidirectional"/>
        <pin num="41" name="19_A5_SCL" type="bidirectional"/>
        <pin num="42" name="20_A6_TX5_LRCLK1" type="bidirectional"/>
        <pin num="43" name="21_A7_RX5_BCLK1" type="bidirectional"/>
        <pin num="44" name="22_A8_CTX1" type="bidirectional"/>
        <pin num="45" name="23_A9_CRX1_MCLK1" type="bidirectional"/>
        <pin num="46" name="3V3" type="power_in"/>
        <pin num="47" name="GND" type="power_in"/>
        <pin num="48" name="VIN" type="power_in"/>
        <pin num="49" name="VUSB" type="power_out"/>
        <pin num="50" name="VBAT" type="power_in"/>
        <pin num="51" name="3V3" type="power_in"/>
        <pin num="52" name="GND" type="power_out"/>
        <pin num="53" name="PROGRAM" type="input"/>
        <pin num="54" name="ON_OFF" type="input"/>
        <pin num="55" name="5V" type="power_out"/>
        <pin num="56" name="D-" type="bidirectional"/>
        <pin num="57" name="D+" type="bidirectional"/>
        <pin num="58" name="GND" type="power_in"/>
        <pin num="59" name="GND" type="power_in"/>
        <pin num="60" name="R+" type="bidirectional"/>
        <pin num="61" name="LED" type="bidirectional"/>
        <pin num="62" name="T-" type="bidirectional"/>
        <pin num="63" name="T+" type="bidirectional"/>
        <pin num="64" name="GND" type="power_in"/>
        <pin num="65" name="R-" type="bidirectional"/>
        <pin num="66" name="D-" type="bidirectional"/>
        <pin num="67" name="D+" type="bidirectional"/>
      </pins>
    </libpart>
  </libparts>
  <libraries>
    <library logical="Connector">
      <uri>/usr/share/kicad/symbols//Connector.kicad_sym</uri>
    </library>
    <library logical="Connector_Generic">
      <uri>/usr/share/kicad/symbols//Connector_Generic.kicad_sym</uri>
    </library>
    <library logical="Converter_DCDC">
      <uri>/usr/share/kicad/symbols//Converter_DCDC.kicad_sym</uri>
    </library>
    <library logical="Device">
      <uri>/usr/share/kicad/symbols//Device.kicad_sym</uri>
    </library>
    <library logical="Interface_UART">
      <uri>/usr/share/kicad/symbols//Interface_UART.kicad_sym</uri>
    </library>
    <library logical="Jumper">
      <uri>/usr/share/kicad/symbols//Jumper.kicad_sym</uri>
    </library>
    <library logical="Logic_LevelTranslator">
      <uri>/usr/share/kicad/symbols//Logic_LevelTranslator.kicad_sym</uri>
    </library>
    <library logical="Mechanical">
      <uri>/usr/share/kicad/symbols//Mechanical.kicad_sym</uri>
    </library>
  </libraries>
  <nets>
    <net code="1" name="+3V3">
      <node ref="C12" pin="1" pintype="passive"/>
      <node ref="C15" pin="1" pintype="passive"/>
      <node ref="R3" pin="1" pintype="passive"/>
      <node ref="U1" pin="1" pinfunction="VCCA" pintype="power_in"/>
      <node ref="U3" pin="46" pinfunction="3V3" pintype="power_in"/>
      <node ref="U5" pin="15" pinfunction="VCC" pintype="power_in"/>
    </net>
    <net code="2" name="+5V">
      <node ref="C10" pin="1" pintype="passive"/>
      <node ref="C11" pin="1" pintype="passive"/>
      <node ref="C3" pin="1" pintype="passive"/>
      <node ref="C4" pin="1" pintype="passive"/>
      <node ref="C5" pin="1" pintype="passive"/>
      <node ref="C6" pin="1" pintype="passive"/>
      <node ref="U1" pin="14" pinfunction="VCCB" pintype="power_in"/>
      <node ref="U2" pin="8" pinfunction="VCC" pintype="power_in"/>
      <node ref="U3" pin="48" pinfunction="VIN" pintype="power_in"/>
      <node ref="U4" pin="3" pinfunction="OUT" pintype="power_out"/>
    </net>
    <net code="3" name="/Central Processor/Batt_V">
      <node ref="U3" pin="36" pinfunction="14_A0_TX3_SPDIF_OUT" pintype="bidirectional"/>
    </net>
    <net code="4" name="/Central Processor/DN">
      <node ref="J2" pin="2" pinfunction="D-" pintype="bidirectional"/>
      <node ref="U3" pin="56" pinfunction="D-" pintype="bidirectional"/>
    </net>
    <net code="5" name="/Central Processor/DP">
      <node ref="J2" pin="3" pinfunction="D+" pintype="bidirectional"/>
      <node ref="U3" pin="57" pinfunction="D+" pintype="bidirectional"/>
    </net>
    <net code="6" name="/Central Processor/RX1">
      <node ref="U2" pin="1" pinfunction="RO" pintype="output"/>
      <node ref="U3" pin="2" pinfunction="0_RX1_CRX2_CS1" pintype="bidirectional"/>
    </net>
    <net code="7" name="/Central Processor/RX2">
      <node ref="JP2" pin="2" pinfunction="C" pintype="passive"/>
      <node ref="U3" pin="9" pinfunction="7_RX2_OUT1A" pintype="bidirectional"/>
    </net>
    <net code="8" name="/Central Processor/TX1">
      <node ref="U2" pin="4" pinfunction="DI" pintype="input"/>
      <node ref="U3" pin="3" pinfunction="1_TX1_CTX2_MISO1" pintype="bidirectional"/>
    </net>
    <net code="9" name="/Central Processor/TX2">
      <node ref="JP1" pin="2" pinfunction="C" pintype="passive"/>
      <node ref="U3" pin="10" pinfunction="8_TX2_IN1" pintype="bidirectional"/>
    </net>
    <net code="10" name="/Central Processor/TXenable">
      <node ref="R2" pin="1" pintype="passive"/>
      <node ref="U2" pin="2" pinfunction="~{RE}" pintype="input"/>
      <node ref="U2" pin="3" pinfunction="DE" pintype="input"/>
      <node ref="U3" pin="4" pinfunction="2_OUT2" pintype="bidirectional"/>
    </net>
    <net code="11" name="/Communications/485_A">
      <node ref="J1" pin="2" pintype="passive"/>
      <node ref="J4" pin="3" pinfunction="Pin_3" pintype="passive"/>
      <node ref="JP3" pin="2" pinfunction="B" pintype="passive"/>
      <node ref="U2" pin="7" pinfunction="B" pintype="bidirectional"/>
    </net>
    <net code="12" name="/Communications/485_B">
      <node ref="J1" pin="1" pintype="passive"/>
      <node ref="J4" pin="2" pinfunction="Pin_2" pintype="passive"/>
      <node ref="R1" pin="1" pintype="passive"/>
      <node ref="U2" pin="6" pinfunction="A" pintype="bidirectional"/>
    </net>
    <net code="13" name="/Power Supply/DIN">
      <node ref="JP2" pin="1" pinfunction="A" pintype="passive"/>
      <node ref="U5" pin="11" pinfunction="DIN" pintype="input"/>
    </net>
    <net code="14" name="/Power Supply/DOUT">
      <node ref="J3" pin="3" pinfunction="Pin_3" pintype="passive"/>
      <node ref="U5" pin="13" pinfunction="DOUT" pintype="output"/>
    </net>
    <net code="15" name="/Power Supply/D_RX">
      <node ref="JP1" pin="3" pinfunction="B" pintype="passive"/>
      <node ref="U1" pin="3" pinfunction="A2" pintype="bidirectional"/>
    </net>
    <net code="16" name="/Power Supply/D_TX">
      <node ref="JP2" pin="3" pinfunction="B" pintype="passive"/>
      <node ref="U1" pin="2" pinfunction="A1" pintype="bidirectional"/>
    </net>
    <net code="17" name="/Power Supply/EN">
      <node ref="U3" pin="5" pinfunction="3_LRCLK2" pintype="bidirectional"/>
      <node ref="U5" pin="16" pinfunction="~{FORCEOFF}" pintype="input"/>
    </net>
    <net code="18" name="/Power Supply/OFF">
      <node ref="U3" pin="6" pinfunction="4_BCLK2" pintype="bidirectional"/>
      <node ref="U5" pin="1" pinfunction="~{EN}" pintype="input"/>
    </net>
    <net code="19" name="/Power Supply/RIN">
      <node ref="J3" pin="4" pinfunction="Pin_4" pintype="passive"/>
      <node ref="U5" pin="8" pinfunction="RIN" pintype="input"/>
    </net>
    <net code="20" name="/Power Supply/ROUT">
      <node ref="JP1" pin="1" pinfunction="A" pintype="passive"/>
      <node ref="U5" pin="9" pinfunction="ROUT" pintype="output"/>
    </net>
    <net code="21" name="GND">
      <node ref="BT1" pin="2" pinfunction="-" pintype="passive"/>
      <node ref="C1" pin="2" pintype="passive"/>
      <node ref="C10" pin="2" pintype="passive"/>
      <node ref="C11" pin="2" pintype="passive"/>
      <node ref="C12" pin="2" pintype="passive"/>
      <node ref="C13" pin="2" pintype="passive"/>
      <node ref="C14" pin="2" pintype="passive"/>
      <node ref="C15" pin="2" pintype="passive"/>
      <node ref="C2" pin="2" pintype="passive"/>
      <node ref="C3" pin="2" pintype="passive"/>
      <node ref="C4" pin="2" pintype="passive"/>
      <node ref="C5" pin="2" pintype="passive"/>
      <node ref="C6" pin="2" pintype="passive"/>
      <node ref="C7" pin="2" pintype="passive"/>
      <node ref="C8" pin="2" pintype="passive"/>
      <node ref="C9" pin="2" pintype="passive"/>
      <node ref="D2" pin="2" pinfunction="A2" pintype="passive"/>
      <node ref="J1" pin="4" pintype="passive"/>
      <node ref="J1" pin="5" pintype="passive"/>
      <node ref="J1" pin="SH" pintype="passive"/>
      <node ref="J2" pin="4" pinfunction="GND" pintype="power_in"/>
      <node ref="J2" pin="5" pinfunction="Shield" pintype="passive"/>
      <node ref="J3" pin="6" pinfunction="Pin_6" pintype="passive"/>
      <node ref="J4" pin="1" pinfunction="Pin_1" pintype="passive"/>
      <node ref="P1" pin="13" pinfunction="CH_GND@2" pintype="passive"/>
      <node ref="P1" pin="14" pinfunction="CH_GND@3" pintype="passive"/>
      <node ref="P1" pin="8" pinfunction="GH_GND@1" pintype="passive"/>
      <node ref="P1" pin="9" pinfunction="GRN-" pintype="passive"/>
      <node ref="R2" pin="2" pintype="passive"/>
      <node ref="R4" pin="2" pintype="passive"/>
      <node ref="U1" pin="7" pinfunction="GND" pintype="power_in"/>
      <node ref="U2" pin="5" pinfunction="GND" pintype="power_in"/>
      <node ref="U3" pin="1" pinfunction="GND" pintype="power_in"/>
      <node ref="U3" pin="34" pinfunction="GND" pintype="power_in"/>
      <node ref="U3" pin="47" pinfunction="GND" pintype="power_in"/>
      <node ref="U3" pin="52" pinfunction="GND" pintype="power_out"/>
      <node ref="U3" pin="58" pinfunction="GND" pintype="power_in"/>
      <node ref="U3" pin="59" pinfunction="GND" pintype="power_in"/>
      <node ref="U3" pin="64" pinfunction="GND" pintype="power_in"/>
      <node ref="U4" pin="2" pinfunction="GND" pintype="power_in"/>
      <node ref="U5" pin="14" pinfunction="GND" pintype="power_in"/>
    </net>
    <net code="22" name="Net-(BT1-Pad1)">
      <node ref="BT1" pin="1" pinfunction="+" pintype="passive"/>
      <node ref="U3" pin="50" pinfunction="VBAT" pintype="power_in"/>
    </net>
    <net code="23" name="Net-(C7-Pad1)">
      <node ref="C7" pin="1" pintype="passive"/>
      <node ref="P1" pin="2" pinfunction="TCT" pintype="passive"/>
      <node ref="P1" pin="5" pinfunction="RCT" pintype="passive"/>
    </net>
    <net code="24" name="Net-(C13-Pad1)">
      <node ref="C13" pin="1" pintype="passive"/>
      <node ref="U5" pin="7" pinfunction="V-" pintype="power_out"/>
    </net>
    <net code="25" name="Net-(C14-Pad1)">
      <node ref="C14" pin="1" pintype="passive"/>
      <node ref="U5" pin="3" pinfunction="V+" pintype="power_out"/>
    </net>
    <net code="26" name="Net-(C16-Pad1)">
      <node ref="C16" pin="1" pintype="passive"/>
      <node ref="U5" pin="2" pinfunction="C1+" pintype="passive"/>
    </net>
    <net code="27" name="Net-(C16-Pad2)">
      <node ref="C16" pin="2" pintype="passive"/>
      <node ref="U5" pin="4" pinfunction="C1-" pintype="passive"/>
    </net>
    <net code="28" name="Net-(C17-Pad1)">
      <node ref="C17" pin="1" pintype="passive"/>
      <node ref="U5" pin="5" pinfunction="C2+" pintype="passive"/>
    </net>
    <net code="29" name="Net-(C17-Pad2)">
      <node ref="C17" pin="2" pintype="passive"/>
      <node ref="U5" pin="6" pinfunction="C2-" pintype="passive"/>
    </net>
    <net code="30" name="Net-(D1-Pad2)">
      <node ref="D1" pin="2" pinfunction="A" pintype="passive"/>
      <node ref="D2" pin="1" pinfunction="A1" pintype="passive"/>
      <node ref="F1" pin="1" pintype="passive"/>
    </net>
    <net code="31" name="Net-(F1-Pad2)">
      <node ref="F1" pin="2" pintype="passive"/>
      <node ref="SW1" pin="2" pinfunction="Pin_2" pintype="passive"/>
    </net>
    <net code="32" name="Net-(J2-Pad1)">
      <node ref="J2" pin="1" pinfunction="VBUS" pintype="power_in"/>
      <node ref="U3" pin="55" pinfunction="5V" pintype="power_out"/>
    </net>
    <net code="33" name="Net-(J3-Pad1)">
      <node ref="J3" pin="1" pinfunction="Pin_1" pintype="passive"/>
      <node ref="U1" pin="13" pinfunction="B1" pintype="bidirectional"/>
    </net>
    <net code="34" name="Net-(J3-Pad2)">
      <node ref="J3" pin="2" pinfunction="Pin_2" pintype="passive"/>
      <node ref="U1" pin="12" pinfunction="B2" pintype="bidirectional"/>
    </net>
    <net code="35" name="Net-(J3-Pad5)">
      <node ref="J3" pin="5" pinfunction="Pin_5" pintype="passive"/>
      <node ref="SW1" pin="3" pinfunction="Pin_3" pintype="passive"/>
    </net>
    <net code="36" name="Net-(JP3-Pad1)">
      <node ref="JP3" pin="1" pinfunction="A" pintype="passive"/>
      <node ref="R1" pin="2" pintype="passive"/>
    </net>
    <net code="37" name="Net-(P1-Pad1)">
      <node ref="P1" pin="1" pinfunction="TD+" pintype="passive"/>
      <node ref="U3" pin="63" pinfunction="T+" pintype="bidirectional"/>
    </net>
    <net code="38" name="Net-(P1-Pad3)">
      <node ref="P1" pin="3" pinfunction="TD-" pintype="passive"/>
      <node ref="U3" pin="62" pinfunction="T-" pintype="bidirectional"/>
    </net>
    <net code="39" name="Net-(P1-Pad4)">
      <node ref="P1" pin="4" pinfunction="RD+" pintype="passive"/>
      <node ref="U3" pin="60" pinfunction="R+" pintype="bidirectional"/>
    </net>
    <net code="40" name="Net-(P1-Pad6)">
      <node ref="P1" pin="6" pinfunction="RD-" pintype="passive"/>
      <node ref="U3" pin="65" pinfunction="R-" pintype="bidirectional"/>
    </net>
    <net code="41" name="Net-(P1-Pad10)">
      <node ref="P1" pin="10" pinfunction="GRN+" pintype="passive"/>
      <node ref="U3" pin="61" pinfunction="LED" pintype="bidirectional"/>
    </net>
    <net code="42" name="Net-(R3-Pad2)">
      <node ref="R3" pin="2" pintype="passive"/>
      <node ref="U1" pin="8" pinfunction="OE" pintype="input"/>
    </net>
    <net code="43" name="Net-(R4-Pad1)">
      <node ref="R4" pin="1" pintype="passive"/>
      <node ref="U1" pin="10" pinfunction="B4" pintype="bidirectional"/>
      <node ref="U1" pin="11" pinfunction="B3" pintype="bidirectional"/>
    </net>
    <net code="44" name="VBUS">
      <node ref="C1" pin="1" pintype="passive"/>
      <node ref="C2" pin="1" pintype="passive"/>
      <node ref="C8" pin="1" pintype="passive"/>
      <node ref="C9" pin="1" pintype="passive"/>
      <node ref="D1" pin="1" pinfunction="K" pintype="passive"/>
      <node ref="J1" pin="7" pintype="passive"/>
      <node ref="J1" pin="8" pintype="passive"/>
      <node ref="J4" pin="4" pinfunction="Pin_4" pintype="passive"/>
      <node ref="U4" pin="1" pinfunction="IN" pintype="power_in"/>
    </net>
    <net code="45" name="unconnected-(J1-Pad3)">
      <node ref="J1" pin="3" pintype="passive+no_connect"/>
    </net>
    <net code="46" name="unconnected-(J1-Pad6)">
      <node ref="J1" pin="6" pintype="passive+no_connect"/>
    </net>
    <net code="47" name="unconnected-(P1-Pad7)">
      <node ref="P1" pin="7" pinfunction="NC" pintype="passive+no_connect"/>
    </net>
    <net code="48" name="unconnected-(P1-Pad11)">
      <node ref="P1" pin="11" pinfunction="YLW-" pintype="passive+no_connect"/>
    </net>
    <net code="49" name="unconnected-(P1-Pad12)">
      <node ref="P1" pin="12" pinfunction="YLW+" pintype="passive+no_connect"/>
    </net>
    <net code="50" name="unconnected-(SW1-Pad1)">
      <node ref="SW1" pin="1" pinfunction="Pin_1" pintype="passive+no_connect"/>
    </net>
    <net code="51" name="unconnected-(U1-Pad4)">
      <node ref="U1" pin="4" pinfunction="A3" pintype="bidirectional+no_connect"/>
    </net>
    <net code="52" name="unconnected-(U1-Pad5)">
      <node ref="U1" pin="5" pinfunction="A4" pintype="bidirectional+no_connect"/>
    </net>
    <net code="53" name="unconnected-(U1-Pad6)">
      <node ref="U1" pin="6" pinfunction="NC" pintype="no_connect"/>
    </net>
    <net code="54" name="unconnected-(U1-Pad9)">
      <node ref="U1" pin="9" pinfunction="NC" pintype="no_connect"/>
    </net>
    <net code="55" name="unconnected-(U3-Pad7)">
      <node ref="U3" pin="7" pinfunction="5_IN2" pintype="bidirectional+no_connect"/>
    </net>
    <net code="56" name="unconnected-(U3-Pad8)">
      <node ref="U3" pin="8" pinfunction="6_OUT1D" pintype="bidirectional+no_connect"/>
    </net>
    <net code="57" name="unconnected-(U3-Pad11)">
      <node ref="U3" pin="11" pinfunction="9_OUT1C" pintype="bidirectional+no_connect"/>
    </net>
    <net code="58" name="unconnected-(U3-Pad12)">
      <node ref="U3" pin="12" pinfunction="10_CS_MQSR" pintype="bidirectional+no_connect"/>
    </net>
    <net code="59" name="unconnected-(U3-Pad13)">
      <node ref="U3" pin="13" pinfunction="11_MOSI_CTX1" pintype="bidirectional+no_connect"/>
    </net>
    <net code="60" name="unconnected-(U3-Pad14)">
      <node ref="U3" pin="14" pinfunction="12_MISO_MQSL" pintype="bidirectional+no_connect"/>
    </net>
    <net code="61" name="unconnected-(U3-Pad15)">
      <node ref="U3" pin="15" pinfunction="3V3" pintype="power_in+no_connect"/>
    </net>
    <net code="62" name="unconnected-(U3-Pad16)">
      <node ref="U3" pin="16" pinfunction="24_A10_TX6_SCL2" pintype="bidirectional+no_connect"/>
    </net>
    <net code="63" name="unconnected-(U3-Pad17)">
      <node ref="U3" pin="17" pinfunction="25_A11_RX6_SDA2" pintype="bidirectional+no_connect"/>
    </net>
    <net code="64" name="unconnected-(U3-Pad18)">
      <node ref="U3" pin="18" pinfunction="26_A12_MOSI1" pintype="bidirectional+no_connect"/>
    </net>
    <net code="65" name="unconnected-(U3-Pad19)">
      <node ref="U3" pin="19" pinfunction="27_A13_SCK1" pintype="bidirectional+no_connect"/>
    </net>
    <net code="66" name="unconnected-(U3-Pad20)">
      <node ref="U3" pin="20" pinfunction="28_RX7" pintype="bidirectional+no_connect"/>
    </net>
    <net code="67" name="unconnected-(U3-Pad21)">
      <node ref="U3" pin="21" pinfunction="29_TX7" pintype="bidirectional+no_connect"/>
    </net>
    <net code="68" name="unconnected-(U3-Pad22)">
      <node ref="U3" pin="22" pinfunction="30_CRX3" pintype="bidirectional+no_connect"/>
    </net>
    <net code="69" name="unconnected-(U3-Pad23)">
      <node ref="U3" pin="23" pinfunction="31_CTX3" pintype="bidirectional+no_connect"/>
    </net>
    <net code="70" name="unconnected-(U3-Pad24)">
      <node ref="U3" pin="24" pinfunction="32_OUT1B" pintype="bidirectional+no_connect"/>
    </net>
    <net code="71" name="unconnected-(U3-Pad25)">
      <node ref="U3" pin="25" pinfunction="33_MCLK2" pintype="bidirectional+no_connect"/>
    </net>
    <net code="72" name="unconnected-(U3-Pad26)">
      <node ref="U3" pin="26" pinfunction="34_RX8" pintype="bidirectional+no_connect"/>
    </net>
    <net code="73" name="unconnected-(U3-Pad27)">
      <node ref="U3" pin="27" pinfunction="35_TX8" pintype="bidirectional+no_connect"/>
    </net>
    <net code="74" name="unconnected-(U3-Pad28)">
      <node ref="U3" pin="28" pinfunction="36_CS" pintype="bidirectional+no_connect"/>
    </net>
    <net code="75" name="unconnected-(U3-Pad29)">
      <node ref="U3" pin="29" pinfunction="37_CS" pintype="bidirectional+no_connect"/>
    </net>
    <net code="76" name="unconnected-(U3-Pad30)">
      <node ref="U3" pin="30" pinfunction="38_CS1_IN1" pintype="bidirectional+no_connect"/>
    </net>
    <net code="77" name="unconnected-(U3-Pad31)">
      <node ref="U3" pin="31" pinfunction="39_MISO1_OUT1A" pintype="bidirectional+no_connect"/>
    </net>
    <net code="78" name="unconnected-(U3-Pad32)">
      <node ref="U3" pin="32" pinfunction="40_A16" pintype="bidirectional+no_connect"/>
    </net>
    <net code="79" name="unconnected-(U3-Pad33)">
      <node ref="U3" pin="33" pinfunction="41_A17" pintype="bidirectional+no_connect"/>
    </net>
    <net code="80" name="unconnected-(U3-Pad35)">
      <node ref="U3" pin="35" pinfunction="13_SCK_LED" pintype="bidirectional+no_connect"/>
    </net>
    <net code="81" name="unconnected-(U3-Pad37)">
      <node ref="U3" pin="37" pinfunction="15_A1_RX3_SPDIF_IN" pintype="bidirectional+no_connect"/>
    </net>
    <net code="82" name="unconnected-(U3-Pad38)">
      <node ref="U3" pin="38" pinfunction="16_A2_RX4_SCL1" pintype="bidirectional+no_connect"/>
    </net>
    <net code="83" name="unconnected-(U3-Pad39)">
      <node ref="U3" pin="39" pinfunction="17_A3_TX4_SDA1" pintype="bidirectional+no_connect"/>
    </net>
    <net code="84" name="unconnected-(U3-Pad40)">
      <node ref="U3" pin="40" pinfunction="18_A4_SDA" pintype="bidirectional+no_connect"/>
    </net>
    <net code="85" name="unconnected-(U3-Pad41)">
      <node ref="U3" pin="41" pinfunction="19_A5_SCL" pintype="bidirectional+no_connect"/>
    </net>
    <net code="86" name="unconnected-(U3-Pad42)">
      <node ref="U3" pin="42" pinfunction="20_A6_TX5_LRCLK1" pintype="bidirectional+no_connect"/>
    </net>
    <net code="87" name="unconnected-(U3-Pad43)">
      <node ref="U3" pin="43" pinfunction="21_A7_RX5_BCLK1" pintype="bidirectional+no_connect"/>
    </net>
    <net code="88" name="unconnected-(U3-Pad44)">
      <node ref="U3" pin="44" pinfunction="22_A8_CTX1" pintype="bidirectional+no_connect"/>
    </net>
    <net code="89" name="unconnected-(U3-Pad45)">
      <node ref="U3" pin="45" pinfunction="23_A9_CRX1_MCLK1" pintype="bidirectional+no_connect"/>
    </net>
    <net code="90" name="unconnected-(U3-Pad49)">
      <node ref="U3" pin="49" pinfunction="VUSB" pintype="power_out+no_connect"/>
    </net>
    <net code="91" name="unconnected-(U3-Pad51)">
      <node ref="U3" pin="51" pinfunction="3V3" pintype="power_in+no_connect"/>
    </net>
    <net code="92" name="unconnected-(U3-Pad53)">
      <node ref="U3" pin="53" pinfunction="PROGRAM" pintype="input+no_connect"/>
    </net>
    <net code="93" name="unconnected-(U3-Pad54)">
      <node ref="U3" pin="54" pinfunction="ON_OFF" pintype="input+no_connect"/>
    </net>
    <net code="94" name="unconnected-(U3-Pad66)">
      <node ref="U3" pin="66" pinfunction="D-" pintype="bidirectional+no_connect"/>
    </net>
    <net code="95" name="unconnected-(U3-Pad67)">
      <node ref="U3" pin="67" pinfunction="D+" pintype="bidirectional+no_connect"/>
    </net>
    <net code="96" name="unconnected-(U5-Pad10)">
      <node ref="U5" pin="10" pinfunction="~{INVALID}" pintype="output+no_connect"/>
    </net>
    <net code="97" name="unconnected-(U5-Pad12)">
      <node ref="U5" pin="12" pinfunction="FORCEON" pintype="input+no_connect"/>
    </net>
  </nets>
</export>
