"Source:"	"/home/phill/kicad/elec358/fred/dumb/dumb.sch"
"Date:"	"Wed 09 Sep 2020 16:40:13"
"Tool:"	"Eeschema 5.1.6+dfsg1-1"
"Component Count:"	"43"
"Ref"	"Value"	"Part"	"Footprint"	"Description"	"Vendor"
"C1"	"4u7"	"Device:C"	"Capacitor_SMD:C_0805_2012Metric_Pad1.15x1.40mm_HandSolder"	"Unpolarized capacitor"	""
"C2"	"0.1"	"Device:C"	"Capacitor_SMD:C_0805_2012Metric_Pad1.15x1.40mm_HandSolder"	"Unpolarized capacitor"	""
"C3"	"0.01"	"Device:C"	"Capacitor_SMD:C_0805_2012Metric_Pad1.15x1.40mm_HandSolder"	"Unpolarized capacitor"	""
"C4"	"0.1"	"Device:C"	"Capacitor_SMD:C_0805_2012Metric_Pad1.15x1.40mm_HandSolder"	"Unpolarized capacitor"	""
"C5"	"0.1"	"Device:C"	"Capacitor_SMD:C_0805_2012Metric_Pad1.15x1.40mm_HandSolder"	"Unpolarized capacitor"	""
"C6"	"0.1"	"Device:C"	"Capacitor_SMD:C_0805_2012Metric_Pad1.15x1.40mm_HandSolder"	"Unpolarized capacitor"	""
"C7"	"0.1"	"Device:C"	"Capacitor_SMD:C_0805_2012Metric_Pad1.15x1.40mm_HandSolder"	"Unpolarized capacitor"	""
"C8"	"0.1"	"Device:C"	"Capacitor_SMD:C_0805_2012Metric_Pad1.15x1.40mm_HandSolder"	"Unpolarized capacitor"	""
"C9"	"22p"	"Device:C"	"Capacitor_SMD:C_0805_2012Metric_Pad1.15x1.40mm_HandSolder"	"Unpolarized capacitor"	""
"C10"	"22p"	"Device:C"	"Capacitor_SMD:C_0805_2012Metric_Pad1.15x1.40mm_HandSolder"	"Unpolarized capacitor"	""
"D1"	"D_Schottky"	"Device:D_Schottky"	"Diode_SMD:D_SOD-123F"	"Schottky diode"	""
"D2"	"LED"	"Device:LED"	"LED_SMD:LED_0805_2012Metric"	"Light emitting diode"	""
"D3"	"LED"	"Device:LED"	"LED_SMD:LED_0805_2012Metric"	"Light emitting diode"	""
"D4"	"LED"	"Device:LED"	"LED_SMD:LED_0805_2012Metric"	"Light emitting diode"	""
"D5"	"LED"	"Device:LED"	"LED_SMD:LED_0805_2012Metric"	"Light emitting diode"	""
"D6"	"LED"	"Device:LED"	"LED_SMD:LED_0805_2012Metric"	"Light emitting diode"	""
"FB1"	"600ohm"	"Device:Ferrite_Bead"	"Inductor_SMD:L_0805_2012Metric_Pad1.15x1.40mm_HandSolder"	"Ferrite bead"	""
"J1"	"USB_C_Receptacle_USB2.0"	"Connector:USB_C_Receptacle_USB2.0"	"Connector_USB:USB_C_Receptacle_HRO_TYPE-C-31-M-12"	"USB 2.0-only Type-C Receptacle connector"	""
"J2"	"Conn_01x02_Male"	"Connector:Conn_01x02_Male"	"Connector_Phoenix_MSTB:PhoenixContact_MSTBVA_2,5_2-G-5,08_1x02_P5.08mm_Vertical"	"Generic connector, single row, 01x02, script generated (kicad-library-utils/schlib/autogen/connector/)"	""
"P1"	"Power"	"Connector_Generic:Conn_01x08"	"Socket_Arduino_Uno:Socket_Strip_Arduino_1x08"	"Generic connector, single row, 01x08, script generated (kicad-library-utils/schlib/autogen/connector/)"	""
"P2"	"Analog"	"Connector_Generic:Conn_01x06"	"Socket_Arduino_Uno:Socket_Strip_Arduino_1x06"	"Generic connector, single row, 01x06, script generated (kicad-library-utils/schlib/autogen/connector/)"	""
"P3"	"Digital"	"Connector_Generic:Conn_01x10"	"Socket_Arduino_Uno:Socket_Strip_Arduino_1x10"	"Generic connector, single row, 01x10, script generated (kicad-library-utils/schlib/autogen/connector/)"	""
"P4"	"Digital"	"Connector_Generic:Conn_01x08"	"Socket_Arduino_Uno:Socket_Strip_Arduino_1x08"	"Generic connector, single row, 01x08, script generated (kicad-library-utils/schlib/autogen/connector/)"	""
"P5"	"CONN_01X01"	"Connector_Generic:Conn_01x01"	"Socket_Arduino_Uno:Arduino_1pin"	"Generic connector, single row, 01x01, script generated (kicad-library-utils/schlib/autogen/connector/)"	""
"P6"	"CONN_01X01"	"Connector_Generic:Conn_01x01"	"Socket_Arduino_Uno:Arduino_1pin"	"Generic connector, single row, 01x01, script generated (kicad-library-utils/schlib/autogen/connector/)"	""
"P7"	"CONN_01X01"	"Connector_Generic:Conn_01x01"	"Socket_Arduino_Uno:Arduino_1pin"	"Generic connector, single row, 01x01, script generated (kicad-library-utils/schlib/autogen/connector/)"	""
"P8"	"CONN_01X01"	"Connector_Generic:Conn_01x01"	"Socket_Arduino_Uno:Arduino_1pin"	"Generic connector, single row, 01x01, script generated (kicad-library-utils/schlib/autogen/connector/)"	""
"Q1"	"Q_NMOS_GDS"	"Device:Q_NMOS_GDS"	"Package_TO_SOT_THT:TO-220F-3_Vertical"	"N-MOSFET transistor, gate/drain/source"	""
"R1"	"5.11k"	"Device:R"	"Resistor_SMD:R_0805_2012Metric_Pad1.15x1.40mm_HandSolder"	"Resistor"	""
"R2"	"5.11k"	"Device:R"	"Resistor_SMD:R_0805_2012Metric_Pad1.15x1.40mm_HandSolder"	"Resistor"	""
"R3"	"1k"	"Device:R"	"Resistor_SMD:R_0805_2012Metric_Pad1.15x1.40mm_HandSolder"	"Resistor"	""
"R4"	"1k"	"Device:R"	"Resistor_SMD:R_0805_2012Metric_Pad1.15x1.40mm_HandSolder"	"Resistor"	""
"R5"	"1k"	"Device:R"	"Resistor_SMD:R_0805_2012Metric_Pad1.15x1.40mm_HandSolder"	"Resistor"	""
"R6"	"1k"	"Device:R"	"Resistor_SMD:R_0805_2012Metric_Pad1.15x1.40mm_HandSolder"	"Resistor"	""
"R7"	"1k"	"Device:R"	"Resistor_SMD:R_0805_2012Metric_Pad1.15x1.40mm_HandSolder"	"Resistor"	""
"R8"	"10k"	"Device:R"	"Resistor_SMD:R_0805_2012Metric_Pad1.15x1.40mm_HandSolder"	"Resistor"	""
"R9"	"1k"	"Device:R"	"Resistor_SMD:R_0805_2012Metric_Pad1.15x1.40mm_HandSolder"	"Resistor"	""
"R10"	"10k"	"Device:R"	"Resistor_SMD:R_0805_2012Metric_Pad1.15x1.40mm_HandSolder"	"Resistor"	""
"R11"	"1k"	"Device:R"	"Resistor_SMD:R_0805_2012Metric_Pad1.15x1.40mm_HandSolder"	"Resistor"	""
"SW1"	"SW_Push"	"Switch:SW_Push"	"Button_Switch_SMD:SW_SPST_PTS645"	"Push button switch, generic, two pins"	""
"U1"	"FT232RL"	"Interface_USB:FT232RL"	"Package_SO:SSOP-28_5.3x10.2mm_P0.65mm"	"USB to Serial Interface, SSOP-28"	""
"U2"	"ATmega328PB-AU"	"MCU_Microchip_ATmega:ATmega328PB-AU"	"Package_QFP:TQFP-32_7x7mm_P0.8mm"	"20MHz, 32kB Flash, 2kB SRAM, 1kB EEPROM, TQFP-32"	""
"Y1"	"Crystal"	"Device:Crystal"	"Crystal:Crystal_HC49-U_Vertical"	"Two pin crystal"	""
