<?xml version="1.0" encoding="UTF-8"?>
<export version="E">
  <design>
    <source>/home/phill/elec_workshop/hardware/inga/laser_logger/laser2/dumb.kicad_sch</source>
    <date>Thu 03 Mar 2022 09:43:05</date>
    <tool>Eeschema 6.0.1+dfsg-1~bpo11+1</tool>
    <sheet number="1" name="/" tstamps="/">
      <title_block>
        <title>Laser Sensor Module</title>
        <company>Physics Dept, University of Otago</company>
        <rev>V1.1</rev>
        <date>2022-03-03</date>
        <source>dumb.kicad_sch</source>
        <comment number="1" value="©Phill Brown 2021"/>
        <comment number="2" value="GPL V3 or later"/>
        <comment number="3" value=""/>
        <comment number="4" value=""/>
        <comment number="5" value=""/>
        <comment number="6" value=""/>
        <comment number="7" value=""/>
        <comment number="8" value=""/>
        <comment number="9" value=""/>
      </title_block>
    </sheet>
    <sheet number="2" name="/AVR and Comms/" tstamps="/00000000-0000-0000-0000-00005f5881b4/">
      <title_block>
        <title>Processor</title>
        <company>Physics Dept, University of Otago</company>
        <rev>V1.1</rev>
        <date>2022-03-03</date>
        <source>processor.kicad_sch</source>
        <comment number="1" value="©Phill Brown 2021"/>
        <comment number="2" value="GPL V3 or later"/>
        <comment number="3" value=""/>
        <comment number="4" value=""/>
        <comment number="5" value=""/>
        <comment number="6" value=""/>
        <comment number="7" value=""/>
        <comment number="8" value=""/>
        <comment number="9" value=""/>
      </title_block>
    </sheet>
    <sheet number="3" name="/External Power Supply/" tstamps="/00000000-0000-0000-0000-0000604bc950/">
      <title_block>
        <title>Power Supply</title>
        <company>Physics Dept, University of Otago</company>
        <rev>V1.1</rev>
        <date>2022-03-03</date>
        <source>power.kicad_sch</source>
        <comment number="1" value="©Phill Brown 2021"/>
        <comment number="2" value="GPL V3 or later"/>
        <comment number="3" value=""/>
        <comment number="4" value=""/>
        <comment number="5" value=""/>
        <comment number="6" value=""/>
        <comment number="7" value=""/>
        <comment number="8" value=""/>
        <comment number="9" value=""/>
      </title_block>
    </sheet>
    <sheet number="4" name="/Communications/" tstamps="/00000000-0000-0000-0000-00006030ff95/">
      <title_block>
        <title>RS485 Interface</title>
        <company>Physics Dept, University of Otago</company>
        <rev>V1.1</rev>
        <date>2022-03-03</date>
        <source>comms.kicad_sch</source>
        <comment number="1" value="©Phill Brown 2021"/>
        <comment number="2" value="GPL V3 or later"/>
        <comment number="3" value=""/>
        <comment number="4" value=""/>
        <comment number="5" value=""/>
        <comment number="6" value=""/>
        <comment number="7" value=""/>
        <comment number="8" value=""/>
        <comment number="9" value=""/>
      </title_block>
    </sheet>
  </design>
  <components>
    <comp ref="J1">
      <value>Conn_01x06</value>
      <footprint>Connector_PinSocket_2.54mm:PinSocket_1x06_P2.54mm_Vertical</footprint>
      <libsource lib="Connector_Generic" part="Conn_01x06" description="Generic connector, single row, 01x06, script generated (kicad-library-utils/schlib/autogen/connector/)"/>
      <property name="Sheetname" value=""/>
      <property name="Sheetfile" value="dumb.kicad_sch"/>
      <sheetpath names="/" tstamps="/"/>
      <tstamps>00000000-0000-0000-0000-00006063e96d</tstamps>
    </comp>
    <comp ref="J4">
      <value>Conn_01x06</value>
      <footprint>Connector_PinSocket_2.54mm:PinSocket_1x06_P2.54mm_Vertical</footprint>
      <libsource lib="Connector_Generic" part="Conn_01x06" description="Generic connector, single row, 01x06, script generated (kicad-library-utils/schlib/autogen/connector/)"/>
      <property name="Sheetname" value=""/>
      <property name="Sheetfile" value="dumb.kicad_sch"/>
      <sheetpath names="/" tstamps="/"/>
      <tstamps>00000000-0000-0000-0000-000060608c53</tstamps>
    </comp>
    <comp ref="J7">
      <value>VL53L1X_90_degree</value>
      <footprint>Connector_PinSocket_2.54mm:PinSocket_2x05_P2.54mm_Horizontal</footprint>
      <libsource lib="Connector_Generic" part="Conn_02x05_Odd_Even" description="Generic connector, double row, 02x05, odd/even pin numbering scheme (row 1 odd numbers, row 2 even numbers), script generated (kicad-library-utils/schlib/autogen/connector/)"/>
      <property name="Sheetname" value=""/>
      <property name="Sheetfile" value="dumb.kicad_sch"/>
      <sheetpath names="/" tstamps="/"/>
      <tstamps>39add566-ae28-4dff-b889-22c259d1e026</tstamps>
    </comp>
    <comp ref="P3">
      <value>Digital_Analog</value>
      <footprint>Connector_PinHeader_2.54mm:PinHeader_1x08_P2.54mm_Vertical</footprint>
      <libsource lib="Connector_Generic" part="Conn_01x08" description="Generic connector, single row, 01x08, script generated (kicad-library-utils/schlib/autogen/connector/)"/>
      <property name="Sheetname" value=""/>
      <property name="Sheetfile" value="dumb.kicad_sch"/>
      <sheetpath names="/" tstamps="/"/>
      <tstamps>00000000-0000-0000-0000-0000602ea2f4</tstamps>
    </comp>
    <comp ref="P5">
      <value>Digital</value>
      <footprint>Connector_PinHeader_2.54mm:PinHeader_1x08_P2.54mm_Vertical</footprint>
      <libsource lib="Connector_Generic" part="Conn_01x08" description="Generic connector, single row, 01x08, script generated (kicad-library-utils/schlib/autogen/connector/)"/>
      <property name="Sheetname" value=""/>
      <property name="Sheetfile" value="dumb.kicad_sch"/>
      <sheetpath names="/" tstamps="/"/>
      <tstamps>00000000-0000-0000-0000-00005fd3b29b</tstamps>
    </comp>
    <comp ref="R1">
      <value>2k7</value>
      <footprint>Resistor_SMD:R_0805_2012Metric_Pad1.20x1.40mm_HandSolder</footprint>
      <libsource lib="Device" part="R" description="Resistor"/>
      <property name="Sheetname" value=""/>
      <property name="Sheetfile" value="dumb.kicad_sch"/>
      <sheetpath names="/" tstamps="/"/>
      <tstamps>00000000-0000-0000-0000-0000603f9a79</tstamps>
    </comp>
    <comp ref="R2">
      <value>2k7</value>
      <footprint>Resistor_SMD:R_0805_2012Metric_Pad1.20x1.40mm_HandSolder</footprint>
      <libsource lib="Device" part="R" description="Resistor"/>
      <property name="Sheetname" value=""/>
      <property name="Sheetfile" value="dumb.kicad_sch"/>
      <sheetpath names="/" tstamps="/"/>
      <tstamps>00000000-0000-0000-0000-0000603fa823</tstamps>
    </comp>
    <comp ref="R3">
      <value>10k</value>
      <footprint>Resistor_SMD:R_0805_2012Metric_Pad1.20x1.40mm_HandSolder</footprint>
      <libsource lib="Device" part="R" description="Resistor"/>
      <property name="Sheetname" value=""/>
      <property name="Sheetfile" value="dumb.kicad_sch"/>
      <sheetpath names="/" tstamps="/"/>
      <tstamps>00000000-0000-0000-0000-0000603b0a47</tstamps>
    </comp>
    <comp ref="R4">
      <value>10k</value>
      <footprint>Resistor_SMD:R_0805_2012Metric_Pad1.20x1.40mm_HandSolder</footprint>
      <libsource lib="Device" part="R" description="Resistor"/>
      <property name="Sheetname" value=""/>
      <property name="Sheetfile" value="dumb.kicad_sch"/>
      <sheetpath names="/" tstamps="/"/>
      <tstamps>00000000-0000-0000-0000-0000603b0c2c</tstamps>
    </comp>
    <comp ref="R17">
      <value>0</value>
      <footprint>Resistor_SMD:R_0805_2012Metric_Pad1.20x1.40mm_HandSolder</footprint>
      <libsource lib="Device" part="R" description="Resistor"/>
      <property name="Sheetname" value=""/>
      <property name="Sheetfile" value="dumb.kicad_sch"/>
      <sheetpath names="/" tstamps="/"/>
      <tstamps>00000000-0000-0000-0000-0000605a72fa</tstamps>
    </comp>
    <comp ref="R18">
      <value>0</value>
      <footprint>Resistor_SMD:R_0805_2012Metric_Pad1.20x1.40mm_HandSolder</footprint>
      <libsource lib="Device" part="R" description="Resistor"/>
      <property name="Sheetname" value=""/>
      <property name="Sheetfile" value="dumb.kicad_sch"/>
      <sheetpath names="/" tstamps="/"/>
      <tstamps>00000000-0000-0000-0000-0000605b5feb</tstamps>
    </comp>
    <comp ref="U1">
      <value>VL53L1X-parallel</value>
      <footprint>Sensor_Distance_xtra:VL53L1X_SATEL</footprint>
      <libsource lib="Sensor_Distance_xtra" part="VL53L1X-SATEL" description=""/>
      <property name="Sheetname" value=""/>
      <property name="Sheetfile" value="dumb.kicad_sch"/>
      <sheetpath names="/" tstamps="/"/>
      <tstamps>00000000-0000-0000-0000-0000603afd4c</tstamps>
    </comp>
    <comp ref="C1">
      <value>4u7</value>
      <footprint>Capacitor_SMD:C_0805_2012Metric_Pad1.18x1.45mm_HandSolder</footprint>
      <libsource lib="Device" part="C" description="Unpolarized capacitor"/>
      <property name="Sheetname" value="AVR and Comms"/>
      <property name="Sheetfile" value="processor.kicad_sch"/>
      <sheetpath names="/AVR and Comms/" tstamps="/00000000-0000-0000-0000-00005f5881b4/"/>
      <tstamps>00000000-0000-0000-0000-00005f5fa4b5</tstamps>
    </comp>
    <comp ref="C2">
      <value>0.1</value>
      <footprint>Capacitor_SMD:C_0805_2012Metric_Pad1.18x1.45mm_HandSolder</footprint>
      <libsource lib="Device" part="C" description="Unpolarized capacitor"/>
      <property name="Sheetname" value="AVR and Comms"/>
      <property name="Sheetfile" value="processor.kicad_sch"/>
      <sheetpath names="/AVR and Comms/" tstamps="/00000000-0000-0000-0000-00005f5881b4/"/>
      <tstamps>00000000-0000-0000-0000-00005f5f9f63</tstamps>
    </comp>
    <comp ref="C3">
      <value>0.01</value>
      <footprint>Capacitor_SMD:C_0805_2012Metric_Pad1.18x1.45mm_HandSolder</footprint>
      <libsource lib="Device" part="C" description="Unpolarized capacitor"/>
      <property name="Sheetname" value="AVR and Comms"/>
      <property name="Sheetfile" value="processor.kicad_sch"/>
      <sheetpath names="/AVR and Comms/" tstamps="/00000000-0000-0000-0000-00005f5881b4/"/>
      <tstamps>00000000-0000-0000-0000-00005f6a8ff7</tstamps>
    </comp>
    <comp ref="C4">
      <value>0.1</value>
      <footprint>Capacitor_SMD:C_0805_2012Metric_Pad1.18x1.45mm_HandSolder</footprint>
      <libsource lib="Device" part="C" description="Unpolarized capacitor"/>
      <property name="Sheetname" value="AVR and Comms"/>
      <property name="Sheetfile" value="processor.kicad_sch"/>
      <sheetpath names="/AVR and Comms/" tstamps="/00000000-0000-0000-0000-00005f5881b4/"/>
      <tstamps>00000000-0000-0000-0000-00005f5c38fb</tstamps>
    </comp>
    <comp ref="C5">
      <value>0.1</value>
      <footprint>Capacitor_SMD:C_0805_2012Metric_Pad1.18x1.45mm_HandSolder</footprint>
      <libsource lib="Device" part="C" description="Unpolarized capacitor"/>
      <property name="Sheetname" value="AVR and Comms"/>
      <property name="Sheetfile" value="processor.kicad_sch"/>
      <sheetpath names="/AVR and Comms/" tstamps="/00000000-0000-0000-0000-00005f5881b4/"/>
      <tstamps>00000000-0000-0000-0000-00005f5cad64</tstamps>
    </comp>
    <comp ref="C6">
      <value>0.1</value>
      <footprint>Capacitor_SMD:C_0805_2012Metric_Pad1.18x1.45mm_HandSolder</footprint>
      <libsource lib="Device" part="C" description="Unpolarized capacitor"/>
      <property name="Sheetname" value="AVR and Comms"/>
      <property name="Sheetfile" value="processor.kicad_sch"/>
      <sheetpath names="/AVR and Comms/" tstamps="/00000000-0000-0000-0000-00005f5881b4/"/>
      <tstamps>00000000-0000-0000-0000-0000603928bb</tstamps>
    </comp>
    <comp ref="C7">
      <value>0.1</value>
      <footprint>Capacitor_SMD:C_0805_2012Metric_Pad1.18x1.45mm_HandSolder</footprint>
      <libsource lib="Device" part="C" description="Unpolarized capacitor"/>
      <property name="Sheetname" value="AVR and Comms"/>
      <property name="Sheetfile" value="processor.kicad_sch"/>
      <sheetpath names="/AVR and Comms/" tstamps="/00000000-0000-0000-0000-00005f5881b4/"/>
      <tstamps>00000000-0000-0000-0000-00005f5c3d20</tstamps>
    </comp>
    <comp ref="C8">
      <value>0.1</value>
      <footprint>Capacitor_SMD:C_0805_2012Metric_Pad1.18x1.45mm_HandSolder</footprint>
      <libsource lib="Device" part="C" description="Unpolarized capacitor"/>
      <property name="Sheetname" value="AVR and Comms"/>
      <property name="Sheetfile" value="processor.kicad_sch"/>
      <sheetpath names="/AVR and Comms/" tstamps="/00000000-0000-0000-0000-00005f5881b4/"/>
      <tstamps>00000000-0000-0000-0000-00005f696de4</tstamps>
    </comp>
    <comp ref="C9">
      <value>0.1</value>
      <footprint>Capacitor_SMD:C_0805_2012Metric_Pad1.18x1.45mm_HandSolder</footprint>
      <libsource lib="Device" part="C" description="Unpolarized capacitor"/>
      <property name="Sheetname" value="AVR and Comms"/>
      <property name="Sheetfile" value="processor.kicad_sch"/>
      <sheetpath names="/AVR and Comms/" tstamps="/00000000-0000-0000-0000-00005f5881b4/"/>
      <tstamps>00000000-0000-0000-0000-00005f60f930</tstamps>
    </comp>
    <comp ref="C10">
      <value>0.1</value>
      <footprint>Capacitor_SMD:C_0805_2012Metric_Pad1.18x1.45mm_HandSolder</footprint>
      <libsource lib="Device" part="C" description="Unpolarized capacitor"/>
      <property name="Sheetname" value="AVR and Comms"/>
      <property name="Sheetfile" value="processor.kicad_sch"/>
      <sheetpath names="/AVR and Comms/" tstamps="/00000000-0000-0000-0000-00005f5881b4/"/>
      <tstamps>00000000-0000-0000-0000-00005f5c4191</tstamps>
    </comp>
    <comp ref="C11">
      <value>0.1</value>
      <footprint>Capacitor_SMD:C_0805_2012Metric_Pad1.18x1.45mm_HandSolder</footprint>
      <libsource lib="Device" part="C" description="Unpolarized capacitor"/>
      <property name="Sheetname" value="AVR and Comms"/>
      <property name="Sheetfile" value="processor.kicad_sch"/>
      <sheetpath names="/AVR and Comms/" tstamps="/00000000-0000-0000-0000-00005f5881b4/"/>
      <tstamps>00000000-0000-0000-0000-00005f646f4e</tstamps>
    </comp>
    <comp ref="D1">
      <value>D_Schottky</value>
      <footprint>Diode_SMD:D_SOD-123F</footprint>
      <libsource lib="Device" part="D_Schottky" description="Schottky diode"/>
      <property name="Sheetname" value="AVR and Comms"/>
      <property name="Sheetfile" value="processor.kicad_sch"/>
      <sheetpath names="/AVR and Comms/" tstamps="/00000000-0000-0000-0000-00005f5881b4/"/>
      <tstamps>00000000-0000-0000-0000-00005f5e7f8d</tstamps>
    </comp>
    <comp ref="D2">
      <value>TX</value>
      <footprint>LED_SMD:LED_0805_2012Metric</footprint>
      <libsource lib="Device" part="LED" description="Light emitting diode"/>
      <property name="Sheetname" value="AVR and Comms"/>
      <property name="Sheetfile" value="processor.kicad_sch"/>
      <sheetpath names="/AVR and Comms/" tstamps="/00000000-0000-0000-0000-00005f5881b4/"/>
      <tstamps>00000000-0000-0000-0000-00005f5b4b82</tstamps>
    </comp>
    <comp ref="D3">
      <value>RX</value>
      <footprint>LED_SMD:LED_0805_2012Metric</footprint>
      <libsource lib="Device" part="LED" description="Light emitting diode"/>
      <property name="Sheetname" value="AVR and Comms"/>
      <property name="Sheetfile" value="processor.kicad_sch"/>
      <sheetpath names="/AVR and Comms/" tstamps="/00000000-0000-0000-0000-00005f5881b4/"/>
      <tstamps>00000000-0000-0000-0000-00005f5b5b39</tstamps>
    </comp>
    <comp ref="D4">
      <value>PWR</value>
      <footprint>LED_SMD:LED_0805_2012Metric</footprint>
      <libsource lib="Device" part="LED" description="Light emitting diode"/>
      <property name="Sheetname" value="AVR and Comms"/>
      <property name="Sheetfile" value="processor.kicad_sch"/>
      <sheetpath names="/AVR and Comms/" tstamps="/00000000-0000-0000-0000-00005f5881b4/"/>
      <tstamps>00000000-0000-0000-0000-00005f7808e8</tstamps>
    </comp>
    <comp ref="D5">
      <value>~Reset</value>
      <footprint>LED_SMD:LED_0805_2012Metric</footprint>
      <libsource lib="Device" part="LED" description="Light emitting diode"/>
      <property name="Sheetname" value="AVR and Comms"/>
      <property name="Sheetfile" value="processor.kicad_sch"/>
      <sheetpath names="/AVR and Comms/" tstamps="/00000000-0000-0000-0000-00005f5881b4/"/>
      <tstamps>00000000-0000-0000-0000-00005f6cf1ff</tstamps>
    </comp>
    <comp ref="D6">
      <value>13</value>
      <footprint>LED_SMD:LED_0805_2012Metric</footprint>
      <libsource lib="Device" part="LED" description="Light emitting diode"/>
      <property name="Sheetname" value="AVR and Comms"/>
      <property name="Sheetfile" value="processor.kicad_sch"/>
      <sheetpath names="/AVR and Comms/" tstamps="/00000000-0000-0000-0000-00005f5881b4/"/>
      <tstamps>00000000-0000-0000-0000-00005f638b9f</tstamps>
    </comp>
    <comp ref="FB1">
      <value>600ohm</value>
      <footprint>Inductor_SMD:L_0805_2012Metric_Pad1.15x1.40mm_HandSolder</footprint>
      <libsource lib="Device" part="Ferrite_Bead" description=""/>
      <property name="Sheetname" value="AVR and Comms"/>
      <property name="Sheetfile" value="processor.kicad_sch"/>
      <sheetpath names="/AVR and Comms/" tstamps="/00000000-0000-0000-0000-00005f5881b4/"/>
      <tstamps>00000000-0000-0000-0000-00005f5e798c</tstamps>
    </comp>
    <comp ref="J2">
      <value>USB_C_Receptacle_USB2.0</value>
      <footprint>Connector_USB:USB_C_Receptacle_HRO_TYPE-C-31-M-12</footprint>
      <datasheet>https://www.usb.org/sites/default/files/documents/usb_type-c.zip</datasheet>
      <libsource lib="dumb-rescue" part="USB_C_Receptacle_USB2.0-Connector" description=""/>
      <property name="Sheetname" value="AVR and Comms"/>
      <property name="Sheetfile" value="processor.kicad_sch"/>
      <sheetpath names="/AVR and Comms/" tstamps="/00000000-0000-0000-0000-00005f5881b4/"/>
      <tstamps>00000000-0000-0000-0000-00005f595fad</tstamps>
    </comp>
    <comp ref="J3">
      <value>Conn_01x03</value>
      <footprint>Connector_PinHeader_2.54mm:PinHeader_1x03_P2.54mm_Vertical</footprint>
      <libsource lib="Connector_Generic" part="Conn_01x03" description="Generic connector, single row, 01x03, script generated (kicad-library-utils/schlib/autogen/connector/)"/>
      <property name="Sheetname" value="AVR and Comms"/>
      <property name="Sheetfile" value="processor.kicad_sch"/>
      <sheetpath names="/AVR and Comms/" tstamps="/00000000-0000-0000-0000-00005f5881b4/"/>
      <tstamps>00000000-0000-0000-0000-00005ffc7a87</tstamps>
    </comp>
    <comp ref="R5">
      <value>5.11k</value>
      <footprint>Resistor_SMD:R_0805_2012Metric_Pad1.20x1.40mm_HandSolder</footprint>
      <libsource lib="Device" part="R" description="Resistor"/>
      <property name="Sheetname" value="AVR and Comms"/>
      <property name="Sheetfile" value="processor.kicad_sch"/>
      <sheetpath names="/AVR and Comms/" tstamps="/00000000-0000-0000-0000-00005f5881b4/"/>
      <tstamps>00000000-0000-0000-0000-00005f59a4e5</tstamps>
    </comp>
    <comp ref="R6">
      <value>5.11k</value>
      <footprint>Resistor_SMD:R_0805_2012Metric_Pad1.20x1.40mm_HandSolder</footprint>
      <libsource lib="Device" part="R" description="Resistor"/>
      <property name="Sheetname" value="AVR and Comms"/>
      <property name="Sheetfile" value="processor.kicad_sch"/>
      <sheetpath names="/AVR and Comms/" tstamps="/00000000-0000-0000-0000-00005f5881b4/"/>
      <tstamps>00000000-0000-0000-0000-00005f59ab1d</tstamps>
    </comp>
    <comp ref="R7">
      <value>1k</value>
      <footprint>Resistor_SMD:R_0805_2012Metric_Pad1.20x1.40mm_HandSolder</footprint>
      <libsource lib="Device" part="R" description="Resistor"/>
      <property name="Sheetname" value="AVR and Comms"/>
      <property name="Sheetfile" value="processor.kicad_sch"/>
      <sheetpath names="/AVR and Comms/" tstamps="/00000000-0000-0000-0000-00005f5881b4/"/>
      <tstamps>00000000-0000-0000-0000-00005f5acaba</tstamps>
    </comp>
    <comp ref="R8">
      <value>1k</value>
      <footprint>Resistor_SMD:R_0805_2012Metric_Pad1.20x1.40mm_HandSolder</footprint>
      <libsource lib="Device" part="R" description="Resistor"/>
      <property name="Sheetname" value="AVR and Comms"/>
      <property name="Sheetfile" value="processor.kicad_sch"/>
      <sheetpath names="/AVR and Comms/" tstamps="/00000000-0000-0000-0000-00005f5881b4/"/>
      <tstamps>00000000-0000-0000-0000-00005f5acf04</tstamps>
    </comp>
    <comp ref="R9">
      <value>1k</value>
      <footprint>Resistor_SMD:R_0805_2012Metric_Pad1.20x1.40mm_HandSolder</footprint>
      <libsource lib="Device" part="R" description="Resistor"/>
      <property name="Sheetname" value="AVR and Comms"/>
      <property name="Sheetfile" value="processor.kicad_sch"/>
      <sheetpath names="/AVR and Comms/" tstamps="/00000000-0000-0000-0000-00005f5881b4/"/>
      <tstamps>00000000-0000-0000-0000-00005f78059c</tstamps>
    </comp>
    <comp ref="R10">
      <value>10k</value>
      <footprint>Resistor_SMD:R_0805_2012Metric_Pad1.20x1.40mm_HandSolder</footprint>
      <libsource lib="Device" part="R" description="Resistor"/>
      <property name="Sheetname" value="AVR and Comms"/>
      <property name="Sheetfile" value="processor.kicad_sch"/>
      <sheetpath names="/AVR and Comms/" tstamps="/00000000-0000-0000-0000-00005f5881b4/"/>
      <tstamps>00000000-0000-0000-0000-00005f6cf61b</tstamps>
    </comp>
    <comp ref="R11">
      <value>1k</value>
      <footprint>Resistor_SMD:R_0805_2012Metric_Pad1.20x1.40mm_HandSolder</footprint>
      <libsource lib="Device" part="R" description="Resistor"/>
      <property name="Sheetname" value="AVR and Comms"/>
      <property name="Sheetfile" value="processor.kicad_sch"/>
      <sheetpath names="/AVR and Comms/" tstamps="/00000000-0000-0000-0000-00005f5881b4/"/>
      <tstamps>00000000-0000-0000-0000-00005f64f91b</tstamps>
    </comp>
    <comp ref="R12">
      <value>1k</value>
      <footprint>Resistor_SMD:R_0805_2012Metric_Pad1.20x1.40mm_HandSolder</footprint>
      <libsource lib="Device" part="R" description="Resistor"/>
      <property name="Sheetname" value="AVR and Comms"/>
      <property name="Sheetfile" value="processor.kicad_sch"/>
      <sheetpath names="/AVR and Comms/" tstamps="/00000000-0000-0000-0000-00005f5881b4/"/>
      <tstamps>00000000-0000-0000-0000-00005f59b4b8</tstamps>
    </comp>
    <comp ref="R13">
      <value>1k</value>
      <footprint>Resistor_SMD:R_0805_2012Metric_Pad1.20x1.40mm_HandSolder</footprint>
      <libsource lib="Device" part="R" description="Resistor"/>
      <property name="Sheetname" value="AVR and Comms"/>
      <property name="Sheetfile" value="processor.kicad_sch"/>
      <sheetpath names="/AVR and Comms/" tstamps="/00000000-0000-0000-0000-00005f5881b4/"/>
      <tstamps>00000000-0000-0000-0000-00005f59b189</tstamps>
    </comp>
    <comp ref="R14">
      <value>1k</value>
      <footprint>Resistor_SMD:R_0805_2012Metric_Pad1.20x1.40mm_HandSolder</footprint>
      <libsource lib="Device" part="R" description="Resistor"/>
      <property name="Sheetname" value="AVR and Comms"/>
      <property name="Sheetfile" value="processor.kicad_sch"/>
      <sheetpath names="/AVR and Comms/" tstamps="/00000000-0000-0000-0000-00005f5881b4/"/>
      <tstamps>00000000-0000-0000-0000-00005f6386ea</tstamps>
    </comp>
    <comp ref="SW1">
      <value>SW_Push</value>
      <footprint>Button_Switch_SMD:SW_SPST_PTS645</footprint>
      <libsource lib="Switch" part="SW_Push" description="Push button switch, generic, two pins"/>
      <property name="Sheetname" value="AVR and Comms"/>
      <property name="Sheetfile" value="processor.kicad_sch"/>
      <sheetpath names="/AVR and Comms/" tstamps="/00000000-0000-0000-0000-00005f5881b4/"/>
      <tstamps>00000000-0000-0000-0000-00005f6529ce</tstamps>
    </comp>
    <comp ref="U2">
      <value>FT232RL</value>
      <footprint>Package_SO:SSOP-28_5.3x10.2mm_P0.65mm</footprint>
      <datasheet>https://www.ftdichip.com/Support/Documents/DataSheets/ICs/DS_FT232R.pdf</datasheet>
      <libsource lib="Interface_USB" part="FT232RL" description="USB to Serial Interface, SSOP-28"/>
      <property name="Sheetname" value="AVR and Comms"/>
      <property name="Sheetfile" value="processor.kicad_sch"/>
      <sheetpath names="/AVR and Comms/" tstamps="/00000000-0000-0000-0000-00005f5881b4/"/>
      <tstamps>00000000-0000-0000-0000-00005f594f9b</tstamps>
    </comp>
    <comp ref="U3">
      <value>ATmega4809-A</value>
      <footprint>Package_QFP:TQFP-48_7x7mm_P0.5mm</footprint>
      <datasheet>http://ww1.microchip.com/downloads/en/DeviceDoc/40002016A.pdf</datasheet>
      <libsource lib="MCU_Microchip_ATmega" part="ATmega4809-A" description="20MHz, 48kB Flash, 6kB SRAM, 256B EEPROM, TQFP-48"/>
      <property name="Sheetname" value="AVR and Comms"/>
      <property name="Sheetfile" value="processor.kicad_sch"/>
      <sheetpath names="/AVR and Comms/" tstamps="/00000000-0000-0000-0000-00005f5881b4/"/>
      <tstamps>00000000-0000-0000-0000-00005fd74675</tstamps>
    </comp>
    <comp ref="C12">
      <value>0.1</value>
      <footprint>Capacitor_SMD:C_0805_2012Metric_Pad1.18x1.45mm_HandSolder</footprint>
      <libsource lib="Device" part="C" description="Unpolarized capacitor"/>
      <property name="Sheetname" value="External Power Supply"/>
      <property name="Sheetfile" value="power.kicad_sch"/>
      <sheetpath names="/External Power Supply/" tstamps="/00000000-0000-0000-0000-0000604bc950/"/>
      <tstamps>00000000-0000-0000-0000-0000604bdbfd</tstamps>
    </comp>
    <comp ref="C13">
      <value>4u7</value>
      <footprint>Capacitor_SMD:C_1206_3216Metric_Pad1.33x1.80mm_HandSolder</footprint>
      <libsource lib="Device" part="C" description="Unpolarized capacitor"/>
      <property name="Sheetname" value="External Power Supply"/>
      <property name="Sheetfile" value="power.kicad_sch"/>
      <sheetpath names="/External Power Supply/" tstamps="/00000000-0000-0000-0000-0000604bc950/"/>
      <tstamps>00000000-0000-0000-0000-000060673eec</tstamps>
    </comp>
    <comp ref="C14">
      <value>4u7</value>
      <footprint>Capacitor_SMD:C_1206_3216Metric_Pad1.33x1.80mm_HandSolder</footprint>
      <libsource lib="Device" part="C" description="Unpolarized capacitor"/>
      <property name="Sheetname" value="External Power Supply"/>
      <property name="Sheetfile" value="power.kicad_sch"/>
      <sheetpath names="/External Power Supply/" tstamps="/00000000-0000-0000-0000-0000604bc950/"/>
      <tstamps>00000000-0000-0000-0000-000060674215</tstamps>
    </comp>
    <comp ref="C15">
      <value>0.1</value>
      <footprint>Capacitor_SMD:C_0805_2012Metric_Pad1.18x1.45mm_HandSolder</footprint>
      <libsource lib="Device" part="C" description="Unpolarized capacitor"/>
      <property name="Sheetname" value="External Power Supply"/>
      <property name="Sheetfile" value="power.kicad_sch"/>
      <sheetpath names="/External Power Supply/" tstamps="/00000000-0000-0000-0000-0000604bc950/"/>
      <tstamps>00000000-0000-0000-0000-0000604be988</tstamps>
    </comp>
    <comp ref="C19">
      <value>4u7</value>
      <footprint>Capacitor_SMD:C_1206_3216Metric_Pad1.33x1.80mm_HandSolder</footprint>
      <libsource lib="Device" part="C" description="Unpolarized capacitor"/>
      <property name="Sheetname" value="External Power Supply"/>
      <property name="Sheetfile" value="power.kicad_sch"/>
      <sheetpath names="/External Power Supply/" tstamps="/00000000-0000-0000-0000-0000604bc950/"/>
      <tstamps>00000000-0000-0000-0000-000060674c94</tstamps>
    </comp>
    <comp ref="C20">
      <value>4u7</value>
      <footprint>Capacitor_SMD:C_1206_3216Metric_Pad1.33x1.80mm_HandSolder</footprint>
      <libsource lib="Device" part="C" description="Unpolarized capacitor"/>
      <property name="Sheetname" value="External Power Supply"/>
      <property name="Sheetfile" value="power.kicad_sch"/>
      <sheetpath names="/External Power Supply/" tstamps="/00000000-0000-0000-0000-0000604bc950/"/>
      <tstamps>00000000-0000-0000-0000-000060674828</tstamps>
    </comp>
    <comp ref="D7">
      <value>BZT52Bxx</value>
      <footprint>Diode_SMD:D_SOD-123</footprint>
      <datasheet>https://diotec.com/tl_files/diotec/files/pdf/datasheets/bzt52b2v4.pdf</datasheet>
      <libsource lib="Diode" part="BZT52Bxx" description="500mW Zener Diode, SOD-123"/>
      <property name="Sheetname" value="External Power Supply"/>
      <property name="Sheetfile" value="power.kicad_sch"/>
      <sheetpath names="/External Power Supply/" tstamps="/00000000-0000-0000-0000-0000604bc950/"/>
      <tstamps>00000000-0000-0000-0000-0000604d04a3</tstamps>
    </comp>
    <comp ref="F1">
      <value>1A</value>
      <footprint>Fuse:Fuse_0805_2012Metric</footprint>
      <libsource lib="Device" part="Fuse" description="Fuse"/>
      <property name="Sheetname" value="External Power Supply"/>
      <property name="Sheetfile" value="power.kicad_sch"/>
      <sheetpath names="/External Power Supply/" tstamps="/00000000-0000-0000-0000-0000604bc950/"/>
      <tstamps>00000000-0000-0000-0000-0000604d6137</tstamps>
    </comp>
    <comp ref="R15">
      <value>0</value>
      <footprint>Resistor_SMD:R_0805_2012Metric_Pad1.20x1.40mm_HandSolder</footprint>
      <libsource lib="Device" part="R" description="Resistor"/>
      <property name="Sheetname" value="External Power Supply"/>
      <property name="Sheetfile" value="power.kicad_sch"/>
      <sheetpath names="/External Power Supply/" tstamps="/00000000-0000-0000-0000-0000604bc950/"/>
      <tstamps>00000000-0000-0000-0000-0000604c627d</tstamps>
    </comp>
    <comp ref="U4">
      <value>OKI-78SR-5_1.5-W36-C</value>
      <footprint>Converter_DCDC:Converter_DCDC_muRata_OKI-78SR_Vertical</footprint>
      <datasheet>https://power.murata.com/data/power/oki-78sr.pdf</datasheet>
      <libsource lib="Converter_DCDC" part="OKI-78SR-5_1.5-W36-C" description="1.5A Step-Down DC/DC-Regulator, 7-36V input, 5V fixed Output Voltage, LM78xx replacement, -40°C to +85°C, OKI-78SR_Vertical"/>
      <property name="Sheetname" value="External Power Supply"/>
      <property name="Sheetfile" value="power.kicad_sch"/>
      <sheetpath names="/External Power Supply/" tstamps="/00000000-0000-0000-0000-0000604bc950/"/>
      <tstamps>00000000-0000-0000-0000-0000604bd7de</tstamps>
    </comp>
    <comp ref="C16">
      <value>4u7</value>
      <footprint>Capacitor_SMD:C_0805_2012Metric_Pad1.18x1.45mm_HandSolder</footprint>
      <libsource lib="Device" part="C" description="Unpolarized capacitor"/>
      <property name="Sheetname" value="Communications"/>
      <property name="Sheetfile" value="comms.kicad_sch"/>
      <sheetpath names="/Communications/" tstamps="/00000000-0000-0000-0000-00006030ff95/"/>
      <tstamps>00000000-0000-0000-0000-0000602c8f90</tstamps>
    </comp>
    <comp ref="C17">
      <value>0.1</value>
      <footprint>Capacitor_SMD:C_0805_2012Metric_Pad1.18x1.45mm_HandSolder</footprint>
      <libsource lib="Device" part="C" description="Unpolarized capacitor"/>
      <property name="Sheetname" value="Communications"/>
      <property name="Sheetfile" value="comms.kicad_sch"/>
      <sheetpath names="/Communications/" tstamps="/00000000-0000-0000-0000-00006030ff95/"/>
      <tstamps>00000000-0000-0000-0000-0000602c8c00</tstamps>
    </comp>
    <comp ref="C18">
      <value>0.1</value>
      <footprint>Capacitor_SMD:C_0805_2012Metric_Pad1.18x1.45mm_HandSolder</footprint>
      <libsource lib="Device" part="C" description="Unpolarized capacitor"/>
      <property name="Sheetname" value="Communications"/>
      <property name="Sheetfile" value="comms.kicad_sch"/>
      <sheetpath names="/Communications/" tstamps="/00000000-0000-0000-0000-00006030ff95/"/>
      <tstamps>00000000-0000-0000-0000-0000602c11a3</tstamps>
    </comp>
    <comp ref="J5">
      <value>RS485</value>
      <footprint>Connector_RJ:RJ45_Ninigi_GE</footprint>
      <libsource lib="Connector" part="RJ45_Shielded" description="RJ connector, 8P8C (8 positions 8 connected), Shielded"/>
      <property name="Sheetname" value="Communications"/>
      <property name="Sheetfile" value="comms.kicad_sch"/>
      <sheetpath names="/Communications/" tstamps="/00000000-0000-0000-0000-00006030ff95/"/>
      <tstamps>00000000-0000-0000-0000-0000602883f9</tstamps>
    </comp>
    <comp ref="J6">
      <value>RS485</value>
      <footprint>Connector_RJ:RJ45_Ninigi_GE</footprint>
      <libsource lib="Connector" part="RJ45_Shielded" description="RJ connector, 8P8C (8 positions 8 connected), Shielded"/>
      <property name="Sheetname" value="Communications"/>
      <property name="Sheetfile" value="comms.kicad_sch"/>
      <sheetpath names="/Communications/" tstamps="/00000000-0000-0000-0000-00006030ff95/"/>
      <tstamps>00000000-0000-0000-0000-00006067e4fe</tstamps>
    </comp>
    <comp ref="R16">
      <value>120</value>
      <footprint>Resistor_SMD:R_0805_2012Metric_Pad1.20x1.40mm_HandSolder</footprint>
      <libsource lib="Device" part="R" description="Resistor"/>
      <property name="Sheetname" value="Communications"/>
      <property name="Sheetfile" value="comms.kicad_sch"/>
      <sheetpath names="/Communications/" tstamps="/00000000-0000-0000-0000-00006030ff95/"/>
      <tstamps>00000000-0000-0000-0000-000060292928</tstamps>
    </comp>
    <comp ref="SW2">
      <value>SW_DIP_x01</value>
      <footprint>Button_Switch_THT:SW_DIP_SPSTx01_Slide_6.7x4.1mm_W7.62mm_P2.54mm_LowProfile</footprint>
      <libsource lib="Switch" part="SW_DIP_x01" description="1x DIP Switch, Single Pole Single Throw (SPST) switch, small symbol"/>
      <property name="Sheetname" value="Communications"/>
      <property name="Sheetfile" value="comms.kicad_sch"/>
      <sheetpath names="/Communications/" tstamps="/00000000-0000-0000-0000-00006030ff95/"/>
      <tstamps>00000000-0000-0000-0000-00006067c6ec</tstamps>
    </comp>
    <comp ref="U5">
      <value>LT1785xS8</value>
      <footprint>Package_SO:SOIC-8_3.9x4.9mm_P1.27mm</footprint>
      <datasheet>https://www.analog.com/media/en/technical-documentation/data-sheets/LT1785-1785A-1791-1791A.pdf</datasheet>
      <libsource lib="Interface_UART" part="LT1785xS8" description="RS-485, RS-422 Half duplex 250kbps transceiver, SOIC-8"/>
      <property name="Sheetname" value="Communications"/>
      <property name="Sheetfile" value="comms.kicad_sch"/>
      <sheetpath names="/Communications/" tstamps="/00000000-0000-0000-0000-00006030ff95/"/>
      <tstamps>00000000-0000-0000-0000-000060288d78</tstamps>
    </comp>
  </components>
  <libparts>
    <libpart lib="Connector" part="RJ45_Shielded">
      <description>RJ connector, 8P8C (8 positions 8 connected), Shielded</description>
      <docs>~</docs>
      <footprints>
        <fp>8P8C*</fp>
        <fp>RJ31*</fp>
        <fp>RJ32*</fp>
        <fp>RJ33*</fp>
        <fp>RJ34*</fp>
        <fp>RJ35*</fp>
        <fp>RJ41*</fp>
        <fp>RJ45*</fp>
        <fp>RJ49*</fp>
        <fp>RJ61*</fp>
      </footprints>
      <fields>
        <field name="Reference">J</field>
        <field name="Value">RJ45_Shielded</field>
        <field name="Datasheet">~</field>
      </fields>
      <pins>
        <pin num="1" name="" type="passive"/>
        <pin num="2" name="" type="passive"/>
        <pin num="3" name="" type="passive"/>
        <pin num="4" name="" type="passive"/>
        <pin num="5" name="" type="passive"/>
        <pin num="6" name="" type="passive"/>
        <pin num="7" name="" type="passive"/>
        <pin num="8" name="" type="passive"/>
        <pin num="SH" name="" type="passive"/>
      </pins>
    </libpart>
    <libpart lib="Connector_Generic" part="Conn_01x03">
      <description>Generic connector, single row, 01x03, script generated (kicad-library-utils/schlib/autogen/connector/)</description>
      <docs>~</docs>
      <footprints>
        <fp>Connector*:*_1x??_*</fp>
      </footprints>
      <fields>
        <field name="Reference">J</field>
        <field name="Value">Conn_01x03</field>
        <field name="Datasheet">~</field>
      </fields>
      <pins>
        <pin num="1" name="Pin_1" type="passive"/>
        <pin num="2" name="Pin_2" type="passive"/>
        <pin num="3" name="Pin_3" type="passive"/>
      </pins>
    </libpart>
    <libpart lib="Connector_Generic" part="Conn_01x06">
      <description>Generic connector, single row, 01x06, script generated (kicad-library-utils/schlib/autogen/connector/)</description>
      <docs>~</docs>
      <footprints>
        <fp>Connector*:*_1x??_*</fp>
      </footprints>
      <fields>
        <field name="Reference">J</field>
        <field name="Value">Conn_01x06</field>
        <field name="Datasheet">~</field>
      </fields>
      <pins>
        <pin num="1" name="Pin_1" type="passive"/>
        <pin num="2" name="Pin_2" type="passive"/>
        <pin num="3" name="Pin_3" type="passive"/>
        <pin num="4" name="Pin_4" type="passive"/>
        <pin num="5" name="Pin_5" type="passive"/>
        <pin num="6" name="Pin_6" type="passive"/>
      </pins>
    </libpart>
    <libpart lib="Connector_Generic" part="Conn_01x08">
      <description>Generic connector, single row, 01x08, script generated (kicad-library-utils/schlib/autogen/connector/)</description>
      <docs>~</docs>
      <footprints>
        <fp>Connector*:*_1x??_*</fp>
      </footprints>
      <fields>
        <field name="Reference">J</field>
        <field name="Value">Conn_01x08</field>
        <field name="Datasheet">~</field>
      </fields>
      <pins>
        <pin num="1" name="Pin_1" type="passive"/>
        <pin num="2" name="Pin_2" type="passive"/>
        <pin num="3" name="Pin_3" type="passive"/>
        <pin num="4" name="Pin_4" type="passive"/>
        <pin num="5" name="Pin_5" type="passive"/>
        <pin num="6" name="Pin_6" type="passive"/>
        <pin num="7" name="Pin_7" type="passive"/>
        <pin num="8" name="Pin_8" type="passive"/>
      </pins>
    </libpart>
    <libpart lib="Connector_Generic" part="Conn_02x05_Odd_Even">
      <description>Generic connector, double row, 02x05, odd/even pin numbering scheme (row 1 odd numbers, row 2 even numbers), script generated (kicad-library-utils/schlib/autogen/connector/)</description>
      <docs>~</docs>
      <footprints>
        <fp>Connector*:*_2x??_*</fp>
      </footprints>
      <fields>
        <field name="Reference">J</field>
        <field name="Value">Conn_02x05_Odd_Even</field>
        <field name="Datasheet">~</field>
      </fields>
      <pins>
        <pin num="1" name="Pin_1" type="passive"/>
        <pin num="2" name="Pin_2" type="passive"/>
        <pin num="3" name="Pin_3" type="passive"/>
        <pin num="4" name="Pin_4" type="passive"/>
        <pin num="5" name="Pin_5" type="passive"/>
        <pin num="6" name="Pin_6" type="passive"/>
        <pin num="7" name="Pin_7" type="passive"/>
        <pin num="8" name="Pin_8" type="passive"/>
        <pin num="9" name="Pin_9" type="passive"/>
        <pin num="10" name="Pin_10" type="passive"/>
      </pins>
    </libpart>
    <libpart lib="Converter_DCDC" part="OKI-78SR-5_1.5-W36-C">
      <description>1.5A Step-Down DC/DC-Regulator, 7-36V input, 5V fixed Output Voltage, LM78xx replacement, -40°C to +85°C, OKI-78SR_Vertical</description>
      <docs>https://power.murata.com/data/power/oki-78sr.pdf</docs>
      <footprints>
        <fp>Converter*DCDC*Murata*OKI*78SR*Vertical*</fp>
      </footprints>
      <fields>
        <field name="Reference">U</field>
        <field name="Value">OKI-78SR-5_1.5-W36-C</field>
        <field name="Footprint">Converter_DCDC:Converter_DCDC_Murata_OKI-78SR_Vertical</field>
        <field name="Datasheet">https://power.murata.com/data/power/oki-78sr.pdf</field>
      </fields>
      <pins>
        <pin num="1" name="IN" type="power_in"/>
        <pin num="2" name="GND" type="power_in"/>
        <pin num="3" name="OUT" type="power_out"/>
      </pins>
    </libpart>
    <libpart lib="Device" part="C">
      <description>Unpolarized capacitor</description>
      <docs>~</docs>
      <footprints>
        <fp>C_*</fp>
      </footprints>
      <fields>
        <field name="Reference">C</field>
        <field name="Value">C</field>
        <field name="Datasheet">~</field>
      </fields>
      <pins>
        <pin num="1" name="" type="passive"/>
        <pin num="2" name="" type="passive"/>
      </pins>
    </libpart>
    <libpart lib="Device" part="D_Schottky">
      <description>Schottky diode</description>
      <docs>~</docs>
      <footprints>
        <fp>TO-???*</fp>
        <fp>*_Diode_*</fp>
        <fp>*SingleDiode*</fp>
        <fp>D_*</fp>
      </footprints>
      <fields>
        <field name="Reference">D</field>
        <field name="Value">D_Schottky</field>
        <field name="Datasheet">~</field>
      </fields>
      <pins>
        <pin num="1" name="K" type="passive"/>
        <pin num="2" name="A" type="passive"/>
      </pins>
    </libpart>
    <libpart lib="Device" part="Ferrite_Bead">
      <footprints>
        <fp>Inductor_*</fp>
        <fp>L_*</fp>
        <fp>*Ferrite*</fp>
      </footprints>
      <fields>
        <field name="Reference">FB</field>
        <field name="Value">Device_Ferrite_Bead</field>
      </fields>
      <pins>
        <pin num="1" name="" type="passive"/>
        <pin num="2" name="" type="passive"/>
      </pins>
    </libpart>
    <libpart lib="Device" part="Fuse">
      <description>Fuse</description>
      <docs>~</docs>
      <footprints>
        <fp>*Fuse*</fp>
      </footprints>
      <fields>
        <field name="Reference">F</field>
        <field name="Value">Fuse</field>
        <field name="Datasheet">~</field>
      </fields>
      <pins>
        <pin num="1" name="" type="passive"/>
        <pin num="2" name="" type="passive"/>
      </pins>
    </libpart>
    <libpart lib="Device" part="LED">
      <description>Light emitting diode</description>
      <docs>~</docs>
      <footprints>
        <fp>LED*</fp>
        <fp>LED_SMD:*</fp>
        <fp>LED_THT:*</fp>
      </footprints>
      <fields>
        <field name="Reference">D</field>
        <field name="Value">LED</field>
        <field name="Datasheet">~</field>
      </fields>
      <pins>
        <pin num="1" name="K" type="passive"/>
        <pin num="2" name="A" type="passive"/>
      </pins>
    </libpart>
    <libpart lib="Device" part="R">
      <description>Resistor</description>
      <docs>~</docs>
      <footprints>
        <fp>R_*</fp>
      </footprints>
      <fields>
        <field name="Reference">R</field>
        <field name="Value">R</field>
        <field name="Datasheet">~</field>
      </fields>
      <pins>
        <pin num="1" name="" type="passive"/>
        <pin num="2" name="" type="passive"/>
      </pins>
    </libpart>
    <libpart lib="Diode" part="BZT52Bxx">
      <description>500mW Zener Diode, SOD-123</description>
      <docs>https://diotec.com/tl_files/diotec/files/pdf/datasheets/bzt52b2v4.pdf</docs>
      <footprints>
        <fp>D?SOD?123*</fp>
      </footprints>
      <fields>
        <field name="Reference">D</field>
        <field name="Value">BZT52Bxx</field>
        <field name="Footprint">Diode_SMD:D_SOD-123</field>
        <field name="Datasheet">https://diotec.com/tl_files/diotec/files/pdf/datasheets/bzt52b2v4.pdf</field>
      </fields>
      <pins>
        <pin num="1" name="K" type="passive"/>
        <pin num="2" name="A" type="passive"/>
      </pins>
    </libpart>
    <libpart lib="Interface_UART" part="LT1785xS8">
      <description>RS-485, RS-422 Half duplex 250kbps transceiver, SOIC-8</description>
      <docs>https://www.analog.com/media/en/technical-documentation/data-sheets/LT1785-1785A-1791-1791A.pdf</docs>
      <footprints>
        <fp>SOIC*3.9x4.9mm*P1.27mm*</fp>
      </footprints>
      <fields>
        <field name="Reference">U</field>
        <field name="Value">LT1785xS8</field>
        <field name="Footprint">Package_SO:SOIC-8_3.9x4.9mm_P1.27mm</field>
        <field name="Datasheet">https://www.analog.com/media/en/technical-documentation/data-sheets/LT1785-1785A-1791-1791A.pdf</field>
      </fields>
      <pins>
        <pin num="1" name="RO" type="output"/>
        <pin num="2" name="~{RE}" type="input"/>
        <pin num="3" name="DE" type="input"/>
        <pin num="4" name="DI" type="input"/>
        <pin num="5" name="GND" type="power_in"/>
        <pin num="6" name="A" type="bidirectional"/>
        <pin num="7" name="B" type="bidirectional"/>
        <pin num="8" name="VCC" type="power_in"/>
      </pins>
    </libpart>
    <libpart lib="Interface_USB" part="FT232RL">
      <description>USB to Serial Interface, SSOP-28</description>
      <docs>https://www.ftdichip.com/Support/Documents/DataSheets/ICs/DS_FT232R.pdf</docs>
      <footprints>
        <fp>SSOP*5.3x10.2mm*P0.65mm*</fp>
      </footprints>
      <fields>
        <field name="Reference">U</field>
        <field name="Value">FT232RL</field>
        <field name="Footprint">Package_SO:SSOP-28_5.3x10.2mm_P0.65mm</field>
        <field name="Datasheet">https://www.ftdichip.com/Support/Documents/DataSheets/ICs/DS_FT232R.pdf</field>
      </fields>
      <pins>
        <pin num="1" name="TXD" type="output"/>
        <pin num="2" name="DTR" type="output"/>
        <pin num="3" name="RTS" type="output"/>
        <pin num="4" name="VCCIO" type="power_in"/>
        <pin num="5" name="RXD" type="input"/>
        <pin num="6" name="RI" type="input"/>
        <pin num="7" name="GND" type="power_in"/>
        <pin num="9" name="DCR" type="input"/>
        <pin num="10" name="DCD" type="input"/>
        <pin num="11" name="CTS" type="input"/>
        <pin num="12" name="CBUS4" type="bidirectional"/>
        <pin num="13" name="CBUS2" type="bidirectional"/>
        <pin num="14" name="CBUS3" type="bidirectional"/>
        <pin num="15" name="USBD+" type="bidirectional"/>
        <pin num="16" name="USBD-" type="bidirectional"/>
        <pin num="17" name="3V3OUT" type="power_out"/>
        <pin num="18" name="GND" type="power_in"/>
        <pin num="19" name="~{RESET}" type="input"/>
        <pin num="20" name="VCC" type="power_in"/>
        <pin num="21" name="GND" type="power_in"/>
        <pin num="22" name="CBUS1" type="bidirectional"/>
        <pin num="23" name="CBUS0" type="bidirectional"/>
        <pin num="25" name="AGND" type="power_in"/>
        <pin num="26" name="TEST" type="input"/>
        <pin num="27" name="OSCI" type="input"/>
        <pin num="28" name="OSCO" type="output"/>
      </pins>
    </libpart>
    <libpart lib="MCU_Microchip_ATmega" part="ATmega4809-A">
      <description>20MHz, 48kB Flash, 6kB SRAM, 256B EEPROM, TQFP-48</description>
      <docs>http://ww1.microchip.com/downloads/en/DeviceDoc/40002016A.pdf</docs>
      <footprints>
        <fp>TQFP*7x7mm*P0.5mm*</fp>
      </footprints>
      <fields>
        <field name="Reference">U</field>
        <field name="Value">ATmega4809-A</field>
        <field name="Footprint">Package_QFP:TQFP-48_7x7mm_P0.5mm</field>
        <field name="Datasheet">http://ww1.microchip.com/downloads/en/DeviceDoc/40002016A.pdf</field>
      </fields>
      <pins>
        <pin num="1" name="PA5" type="bidirectional"/>
        <pin num="2" name="PA6" type="bidirectional"/>
        <pin num="3" name="PA7" type="bidirectional"/>
        <pin num="4" name="PB0" type="bidirectional"/>
        <pin num="5" name="PB1" type="bidirectional"/>
        <pin num="6" name="PB2" type="bidirectional"/>
        <pin num="7" name="PB3" type="bidirectional"/>
        <pin num="8" name="PB4" type="bidirectional"/>
        <pin num="9" name="PB5" type="bidirectional"/>
        <pin num="10" name="PC0" type="bidirectional"/>
        <pin num="11" name="PC1" type="bidirectional"/>
        <pin num="12" name="PC2" type="bidirectional"/>
        <pin num="13" name="PC3" type="bidirectional"/>
        <pin num="14" name="VCC" type="power_in"/>
        <pin num="15" name="GND" type="power_in"/>
        <pin num="16" name="PC4" type="bidirectional"/>
        <pin num="17" name="PC5" type="bidirectional"/>
        <pin num="18" name="PC6" type="bidirectional"/>
        <pin num="19" name="PC7" type="bidirectional"/>
        <pin num="20" name="PD0" type="bidirectional"/>
        <pin num="21" name="PD1" type="bidirectional"/>
        <pin num="22" name="PD2" type="bidirectional"/>
        <pin num="23" name="PD3" type="bidirectional"/>
        <pin num="24" name="PD4" type="bidirectional"/>
        <pin num="25" name="PD5" type="bidirectional"/>
        <pin num="26" name="PD6" type="bidirectional"/>
        <pin num="27" name="PD7" type="bidirectional"/>
        <pin num="28" name="AVCC" type="power_in"/>
        <pin num="29" name="GND" type="passive"/>
        <pin num="30" name="PE0" type="bidirectional"/>
        <pin num="31" name="PE1" type="bidirectional"/>
        <pin num="32" name="PE2" type="bidirectional"/>
        <pin num="33" name="PE3" type="bidirectional"/>
        <pin num="34" name="PF0" type="bidirectional"/>
        <pin num="35" name="PF1" type="bidirectional"/>
        <pin num="36" name="PF2" type="bidirectional"/>
        <pin num="37" name="PF3" type="bidirectional"/>
        <pin num="38" name="PF4" type="bidirectional"/>
        <pin num="39" name="PF5" type="bidirectional"/>
        <pin num="40" name="PF6/~{RESET}" type="bidirectional"/>
        <pin num="41" name="UPDI" type="bidirectional"/>
        <pin num="42" name="VCC" type="passive"/>
        <pin num="43" name="GND" type="passive"/>
        <pin num="44" name="PA0" type="bidirectional"/>
        <pin num="45" name="PA1" type="bidirectional"/>
        <pin num="46" name="PA2" type="bidirectional"/>
        <pin num="47" name="PA3" type="bidirectional"/>
        <pin num="48" name="PA4" type="bidirectional"/>
      </pins>
    </libpart>
    <libpart lib="Sensor_Distance_xtra" part="VL53L1X-SATEL">
      <fields>
        <field name="Reference">U</field>
        <field name="Value">Sensor_Distance_xtra_VL53L1X-SATEL</field>
        <field name="Footprint">Sensor_Distance_xtra:VL53L1X_SATEL</field>
      </fields>
      <pins>
        <pin num="1" name="INT" type="bidirectional"/>
        <pin num="2" name="SCL_I" type="bidirectional"/>
        <pin num="3" name="XSDN_I" type="bidirectional"/>
        <pin num="4" name="SDA_I" type="bidirectional"/>
        <pin num="5" name="VDD" type="power_in"/>
        <pin num="6" name="GND" type="power_in"/>
        <pin num="7" name="" type="no_connect"/>
        <pin num="8" name="" type="no_connect"/>
        <pin num="9" name="NC0_I" type="bidirectional"/>
        <pin num="10" name="NC0_I" type="bidirectional"/>
      </pins>
    </libpart>
    <libpart lib="Switch" part="SW_DIP_x01">
      <description>1x DIP Switch, Single Pole Single Throw (SPST) switch, small symbol</description>
      <docs>~</docs>
      <footprints>
        <fp>SW?DIP?x1*</fp>
      </footprints>
      <fields>
        <field name="Reference">SW</field>
        <field name="Value">SW_DIP_x01</field>
        <field name="Datasheet">~</field>
      </fields>
      <pins>
        <pin num="1" name="" type="passive"/>
        <pin num="2" name="" type="passive"/>
      </pins>
    </libpart>
    <libpart lib="Switch" part="SW_Push">
      <description>Push button switch, generic, two pins</description>
      <docs>~</docs>
      <fields>
        <field name="Reference">SW</field>
        <field name="Value">SW_Push</field>
        <field name="Datasheet">~</field>
      </fields>
      <pins>
        <pin num="1" name="1" type="passive"/>
        <pin num="2" name="2" type="passive"/>
      </pins>
    </libpart>
    <libpart lib="dumb-rescue" part="USB_C_Receptacle_USB2.0-Connector">
      <footprints>
        <fp>USB*C*Receptacle*</fp>
      </footprints>
      <fields>
        <field name="Reference">J</field>
        <field name="Value">USB_C_Receptacle_USB2.0-Connector</field>
      </fields>
      <pins>
        <pin num="A1" name="GND" type="power_in"/>
        <pin num="A4" name="VBUS" type="power_in"/>
        <pin num="A5" name="CC1" type="bidirectional"/>
        <pin num="A6" name="D+" type="bidirectional"/>
        <pin num="A7" name="D-" type="bidirectional"/>
        <pin num="A8" name="SBU1" type="bidirectional"/>
        <pin num="A9" name="VBUS" type="passive"/>
        <pin num="A12" name="GND" type="passive"/>
        <pin num="B1" name="GND" type="passive"/>
        <pin num="B4" name="VBUS" type="passive"/>
        <pin num="B5" name="CC2" type="bidirectional"/>
        <pin num="B6" name="D+" type="bidirectional"/>
        <pin num="B7" name="D-" type="bidirectional"/>
        <pin num="B8" name="SBU2" type="bidirectional"/>
        <pin num="B9" name="VBUS" type="passive"/>
        <pin num="B12" name="GND" type="passive"/>
        <pin num="S1" name="SHIELD" type="passive"/>
      </pins>
    </libpart>
  </libparts>
  <libraries>
    <library logical="Connector">
      <uri>/usr/share/kicad/symbols//Connector.kicad_sym</uri>
    </library>
    <library logical="Connector_Generic">
      <uri>/usr/share/kicad/symbols//Connector_Generic.kicad_sym</uri>
    </library>
    <library logical="Converter_DCDC">
      <uri>/usr/share/kicad/symbols//Converter_DCDC.kicad_sym</uri>
    </library>
    <library logical="Device">
      <uri>/usr/share/kicad/symbols//Device.kicad_sym</uri>
    </library>
    <library logical="Diode">
      <uri>/usr/share/kicad/symbols//Diode.kicad_sym</uri>
    </library>
    <library logical="Interface_UART">
      <uri>/usr/share/kicad/symbols//Interface_UART.kicad_sym</uri>
    </library>
    <library logical="Interface_USB">
      <uri>/usr/share/kicad/symbols//Interface_USB.kicad_sym</uri>
    </library>
    <library logical="MCU_Microchip_ATmega">
      <uri>/usr/share/kicad/symbols//MCU_Microchip_ATmega.kicad_sym</uri>
    </library>
    <library logical="Switch">
      <uri>/usr/share/kicad/symbols//Switch.kicad_sym</uri>
    </library>
    <library logical="dumb-rescue">
      <uri>/home/phill/elec_workshop/hardware/inga/laser_logger/laser2/dumb-rescue.lib</uri>
    </library>
  </libraries>
  <nets>
    <net code="1" name="+5V">
      <node ref="C1" pin="1" pintype="passive"/>
      <node ref="C10" pin="1" pintype="passive"/>
      <node ref="C11" pin="1" pintype="passive"/>
      <node ref="C18" pin="1" pintype="passive"/>
      <node ref="C2" pin="1" pintype="passive"/>
      <node ref="C5" pin="1" pintype="passive"/>
      <node ref="C6" pin="1" pintype="passive"/>
      <node ref="C7" pin="1" pintype="passive"/>
      <node ref="C8" pin="1" pintype="passive"/>
      <node ref="D1" pin="1" pinfunction="K" pintype="passive"/>
      <node ref="D2" pin="2" pinfunction="A" pintype="passive"/>
      <node ref="D3" pin="2" pinfunction="A" pintype="passive"/>
      <node ref="J3" pin="1" pinfunction="Pin_1" pintype="passive"/>
      <node ref="J7" pin="5" pinfunction="Pin_5" pintype="passive"/>
      <node ref="R1" pin="1" pintype="passive"/>
      <node ref="R10" pin="1" pintype="passive"/>
      <node ref="R15" pin="1" pintype="passive"/>
      <node ref="R2" pin="1" pintype="passive"/>
      <node ref="R9" pin="1" pintype="passive"/>
      <node ref="U1" pin="5" pinfunction="VDD" pintype="power_in"/>
      <node ref="U2" pin="19" pinfunction="~{RESET}" pintype="input"/>
      <node ref="U2" pin="20" pinfunction="VCC" pintype="power_in"/>
      <node ref="U2" pin="4" pinfunction="VCCIO" pintype="power_in"/>
      <node ref="U3" pin="14" pinfunction="VCC" pintype="power_in"/>
      <node ref="U3" pin="28" pinfunction="AVCC" pintype="power_in"/>
      <node ref="U3" pin="42" pinfunction="VCC" pintype="passive"/>
      <node ref="U5" pin="8" pinfunction="VCC" pintype="power_in"/>
    </net>
    <net code="2" name="/0(Rx)">
      <node ref="P5" pin="8" pinfunction="Pin_8" pintype="passive"/>
      <node ref="U3" pin="45" pinfunction="PA1" pintype="bidirectional"/>
      <node ref="U5" pin="1" pinfunction="RO" pintype="output"/>
    </net>
    <net code="3" name="/1(Tx)">
      <node ref="P5" pin="7" pinfunction="Pin_7" pintype="passive"/>
      <node ref="U3" pin="44" pinfunction="PA0" pintype="bidirectional"/>
      <node ref="U5" pin="4" pinfunction="DI" pintype="input"/>
    </net>
    <net code="4" name="/2">
      <node ref="P5" pin="6" pinfunction="Pin_6" pintype="passive"/>
      <node ref="U3" pin="46" pinfunction="PA2" pintype="bidirectional"/>
    </net>
    <net code="5" name="/3">
      <node ref="P5" pin="5" pinfunction="Pin_5" pintype="passive"/>
      <node ref="U3" pin="47" pinfunction="PA3" pintype="bidirectional"/>
      <node ref="U5" pin="2" pinfunction="~{RE}" pintype="input"/>
      <node ref="U5" pin="3" pinfunction="DE" pintype="input"/>
    </net>
    <net code="6" name="/4">
      <node ref="P5" pin="4" pinfunction="Pin_4" pintype="passive"/>
      <node ref="U3" pin="48" pinfunction="PA4" pintype="bidirectional"/>
    </net>
    <net code="7" name="/5">
      <node ref="P5" pin="3" pinfunction="Pin_3" pintype="passive"/>
      <node ref="U3" pin="1" pinfunction="PA5" pintype="bidirectional"/>
    </net>
    <net code="8" name="/6">
      <node ref="P5" pin="2" pinfunction="Pin_2" pintype="passive"/>
      <node ref="U3" pin="2" pinfunction="PA6" pintype="bidirectional"/>
    </net>
    <net code="9" name="/7">
      <node ref="P5" pin="1" pinfunction="Pin_1" pintype="passive"/>
      <node ref="U3" pin="3" pinfunction="PA7" pintype="bidirectional"/>
    </net>
    <net code="10" name="/8">
      <node ref="J4" pin="6" pinfunction="Pin_6" pintype="passive"/>
      <node ref="U3" pin="4" pinfunction="PB0" pintype="bidirectional"/>
    </net>
    <net code="11" name="/9">
      <node ref="J4" pin="5" pinfunction="Pin_5" pintype="passive"/>
      <node ref="U3" pin="5" pinfunction="PB1" pintype="bidirectional"/>
    </net>
    <net code="12" name="/10">
      <node ref="J4" pin="4" pinfunction="Pin_4" pintype="passive"/>
      <node ref="U3" pin="6" pinfunction="PB2" pintype="bidirectional"/>
    </net>
    <net code="13" name="/11">
      <node ref="J4" pin="3" pinfunction="Pin_3" pintype="passive"/>
      <node ref="U3" pin="7" pinfunction="PB3" pintype="bidirectional"/>
    </net>
    <net code="14" name="/12">
      <node ref="J4" pin="2" pinfunction="Pin_2" pintype="passive"/>
      <node ref="U3" pin="8" pinfunction="PB4" pintype="bidirectional"/>
    </net>
    <net code="15" name="/13">
      <node ref="J4" pin="1" pinfunction="Pin_1" pintype="passive"/>
      <node ref="R14" pin="1" pintype="passive"/>
      <node ref="U3" pin="9" pinfunction="PB5" pintype="bidirectional"/>
    </net>
    <net code="16" name="/14">
      <node ref="U3" pin="10" pinfunction="PC0" pintype="bidirectional"/>
    </net>
    <net code="17" name="/15">
      <node ref="U3" pin="11" pinfunction="PC1" pintype="bidirectional"/>
    </net>
    <net code="18" name="/16">
      <node ref="J7" pin="4" pinfunction="Pin_4" pintype="passive"/>
      <node ref="R2" pin="2" pintype="passive"/>
      <node ref="U1" pin="4" pinfunction="SDA_I" pintype="bidirectional"/>
      <node ref="U3" pin="12" pinfunction="PC2" pintype="bidirectional"/>
    </net>
    <net code="19" name="/17">
      <node ref="J7" pin="2" pinfunction="Pin_2" pintype="passive"/>
      <node ref="R1" pin="2" pintype="passive"/>
      <node ref="U1" pin="2" pinfunction="SCL_I" pintype="bidirectional"/>
      <node ref="U3" pin="13" pinfunction="PC3" pintype="bidirectional"/>
    </net>
    <net code="20" name="/18">
      <node ref="J7" pin="1" pinfunction="Pin_1" pintype="passive"/>
      <node ref="R4" pin="1" pintype="passive"/>
      <node ref="U1" pin="1" pinfunction="INT" pintype="bidirectional"/>
      <node ref="U3" pin="16" pinfunction="PC4" pintype="bidirectional"/>
    </net>
    <net code="21" name="/19">
      <node ref="J7" pin="3" pinfunction="Pin_3" pintype="passive"/>
      <node ref="R3" pin="1" pintype="passive"/>
      <node ref="U1" pin="3" pinfunction="XSDN_I" pintype="bidirectional"/>
      <node ref="U3" pin="17" pinfunction="PC5" pintype="bidirectional"/>
    </net>
    <net code="22" name="/20">
      <node ref="U3" pin="18" pinfunction="PC6" pintype="bidirectional"/>
    </net>
    <net code="23" name="/21">
      <node ref="U3" pin="19" pinfunction="PC7" pintype="bidirectional"/>
    </net>
    <net code="24" name="/30_A8">
      <node ref="P3" pin="1" pinfunction="Pin_1" pintype="passive"/>
      <node ref="U3" pin="30" pinfunction="PE0" pintype="bidirectional"/>
    </net>
    <net code="25" name="/31_A9">
      <node ref="P3" pin="2" pinfunction="Pin_2" pintype="passive"/>
      <node ref="U3" pin="31" pinfunction="PE1" pintype="bidirectional"/>
    </net>
    <net code="26" name="/32_A10">
      <node ref="P3" pin="3" pinfunction="Pin_3" pintype="passive"/>
      <node ref="U3" pin="32" pinfunction="PE2" pintype="bidirectional"/>
    </net>
    <net code="27" name="/33_A11">
      <node ref="P3" pin="4" pinfunction="Pin_4" pintype="passive"/>
      <node ref="U3" pin="33" pinfunction="PE3" pintype="bidirectional"/>
    </net>
    <net code="28" name="/36_A12">
      <node ref="P3" pin="5" pinfunction="Pin_5" pintype="passive"/>
      <node ref="U3" pin="36" pinfunction="PF2" pintype="bidirectional"/>
    </net>
    <net code="29" name="/37_A13">
      <node ref="P3" pin="6" pinfunction="Pin_6" pintype="passive"/>
      <node ref="U3" pin="37" pinfunction="PF3" pintype="bidirectional"/>
    </net>
    <net code="30" name="/38_A14">
      <node ref="P3" pin="7" pinfunction="Pin_7" pintype="passive"/>
      <node ref="U3" pin="38" pinfunction="PF4" pintype="bidirectional"/>
    </net>
    <net code="31" name="/39_A15">
      <node ref="P3" pin="8" pinfunction="Pin_8" pintype="passive"/>
      <node ref="U3" pin="39" pinfunction="PF5" pintype="bidirectional"/>
    </net>
    <net code="32" name="/A0">
      <node ref="J1" pin="1" pinfunction="Pin_1" pintype="passive"/>
      <node ref="U3" pin="20" pinfunction="PD0" pintype="bidirectional"/>
    </net>
    <net code="33" name="/A1">
      <node ref="J1" pin="2" pinfunction="Pin_2" pintype="passive"/>
      <node ref="U3" pin="21" pinfunction="PD1" pintype="bidirectional"/>
    </net>
    <net code="34" name="/A2">
      <node ref="J1" pin="3" pinfunction="Pin_3" pintype="passive"/>
      <node ref="U3" pin="22" pinfunction="PD2" pintype="bidirectional"/>
    </net>
    <net code="35" name="/A3">
      <node ref="J1" pin="4" pinfunction="Pin_4" pintype="passive"/>
      <node ref="U3" pin="23" pinfunction="PD3" pintype="bidirectional"/>
    </net>
    <net code="36" name="/A4">
      <node ref="J1" pin="5" pinfunction="Pin_5" pintype="passive"/>
      <node ref="U3" pin="24" pinfunction="PD4" pintype="bidirectional"/>
    </net>
    <net code="37" name="/A5">
      <node ref="J1" pin="6" pinfunction="Pin_6" pintype="passive"/>
      <node ref="U3" pin="25" pinfunction="PD5" pintype="bidirectional"/>
    </net>
    <net code="38" name="/A6">
      <node ref="U3" pin="26" pinfunction="PD6" pintype="bidirectional"/>
    </net>
    <net code="39" name="/A7">
      <node ref="U3" pin="27" pinfunction="PD7" pintype="bidirectional"/>
    </net>
    <net code="40" name="/AVR and Comms/RXD2">
      <node ref="R12" pin="2" pintype="passive"/>
      <node ref="U3" pin="35" pinfunction="PF1" pintype="bidirectional"/>
    </net>
    <net code="41" name="/AVR and Comms/TXD2">
      <node ref="R13" pin="2" pintype="passive"/>
      <node ref="U3" pin="34" pinfunction="PF0" pintype="bidirectional"/>
    </net>
    <net code="42" name="/NC0_I">
      <node ref="J7" pin="10" pinfunction="Pin_10" pintype="passive"/>
      <node ref="J7" pin="9" pinfunction="Pin_9" pintype="passive"/>
      <node ref="R17" pin="1" pintype="passive"/>
      <node ref="R18" pin="1" pintype="passive"/>
      <node ref="U1" pin="10" pinfunction="NC0_I" pintype="bidirectional"/>
      <node ref="U1" pin="9" pinfunction="NC0_I" pintype="bidirectional"/>
    </net>
    <net code="43" name="/~{Reset}">
      <node ref="C9" pin="2" pintype="passive"/>
      <node ref="D5" pin="1" pinfunction="K" pintype="passive"/>
      <node ref="SW1" pin="1" pinfunction="1" pintype="passive"/>
      <node ref="U3" pin="40" pinfunction="PF6/~{RESET}" pintype="bidirectional"/>
    </net>
    <net code="44" name="GND">
      <node ref="C1" pin="2" pintype="passive"/>
      <node ref="C10" pin="2" pintype="passive"/>
      <node ref="C11" pin="2" pintype="passive"/>
      <node ref="C12" pin="2" pintype="passive"/>
      <node ref="C13" pin="2" pintype="passive"/>
      <node ref="C14" pin="2" pintype="passive"/>
      <node ref="C15" pin="2" pintype="passive"/>
      <node ref="C16" pin="2" pintype="passive"/>
      <node ref="C17" pin="2" pintype="passive"/>
      <node ref="C18" pin="2" pintype="passive"/>
      <node ref="C19" pin="2" pintype="passive"/>
      <node ref="C2" pin="2" pintype="passive"/>
      <node ref="C20" pin="2" pintype="passive"/>
      <node ref="C3" pin="2" pintype="passive"/>
      <node ref="C4" pin="2" pintype="passive"/>
      <node ref="C5" pin="2" pintype="passive"/>
      <node ref="C6" pin="2" pintype="passive"/>
      <node ref="C7" pin="2" pintype="passive"/>
      <node ref="C8" pin="2" pintype="passive"/>
      <node ref="D4" pin="1" pinfunction="K" pintype="passive"/>
      <node ref="D6" pin="1" pinfunction="K" pintype="passive"/>
      <node ref="D7" pin="2" pinfunction="A" pintype="passive"/>
      <node ref="J2" pin="A1" pinfunction="GND" pintype="power_in"/>
      <node ref="J2" pin="A12" pinfunction="GND" pintype="passive"/>
      <node ref="J2" pin="B1" pinfunction="GND" pintype="passive"/>
      <node ref="J2" pin="B12" pinfunction="GND" pintype="passive"/>
      <node ref="J2" pin="S1" pinfunction="SHIELD" pintype="passive"/>
      <node ref="J3" pin="2" pinfunction="Pin_2" pintype="passive"/>
      <node ref="J5" pin="4" pintype="passive"/>
      <node ref="J5" pin="5" pintype="passive"/>
      <node ref="J5" pin="SH" pintype="passive"/>
      <node ref="J6" pin="4" pintype="passive"/>
      <node ref="J6" pin="5" pintype="passive"/>
      <node ref="J6" pin="SH" pintype="passive"/>
      <node ref="J7" pin="6" pinfunction="Pin_6" pintype="passive"/>
      <node ref="R11" pin="2" pintype="passive"/>
      <node ref="R17" pin="2" pintype="passive"/>
      <node ref="R18" pin="2" pintype="passive"/>
      <node ref="R3" pin="2" pintype="passive"/>
      <node ref="R4" pin="2" pintype="passive"/>
      <node ref="R5" pin="2" pintype="passive"/>
      <node ref="R6" pin="2" pintype="passive"/>
      <node ref="U1" pin="6" pinfunction="GND" pintype="power_in"/>
      <node ref="U2" pin="18" pinfunction="GND" pintype="power_in"/>
      <node ref="U2" pin="21" pinfunction="GND" pintype="power_in"/>
      <node ref="U2" pin="25" pinfunction="AGND" pintype="power_in"/>
      <node ref="U2" pin="7" pinfunction="GND" pintype="power_in"/>
      <node ref="U3" pin="15" pinfunction="GND" pintype="power_in"/>
      <node ref="U3" pin="29" pinfunction="GND" pintype="passive"/>
      <node ref="U3" pin="43" pinfunction="GND" pintype="passive"/>
      <node ref="U4" pin="2" pinfunction="GND" pintype="power_in"/>
      <node ref="U5" pin="5" pinfunction="GND" pintype="power_in"/>
    </net>
    <net code="45" name="Net-(C3-Pad1)">
      <node ref="C3" pin="1" pintype="passive"/>
      <node ref="FB1" pin="2" pintype="passive"/>
      <node ref="J2" pin="A4" pinfunction="VBUS" pintype="power_in"/>
      <node ref="J2" pin="A9" pinfunction="VBUS" pintype="passive"/>
      <node ref="J2" pin="B4" pinfunction="VBUS" pintype="passive"/>
      <node ref="J2" pin="B9" pinfunction="VBUS" pintype="passive"/>
    </net>
    <net code="46" name="Net-(C4-Pad1)">
      <node ref="C4" pin="1" pintype="passive"/>
      <node ref="U2" pin="17" pinfunction="3V3OUT" pintype="power_out"/>
    </net>
    <net code="47" name="Net-(C9-Pad1)">
      <node ref="C9" pin="1" pintype="passive"/>
      <node ref="U2" pin="2" pinfunction="DTR" pintype="output"/>
    </net>
    <net code="48" name="Net-(C12-Pad1)">
      <node ref="C12" pin="1" pintype="passive"/>
      <node ref="C13" pin="1" pintype="passive"/>
      <node ref="C14" pin="1" pintype="passive"/>
      <node ref="D7" pin="1" pinfunction="K" pintype="passive"/>
      <node ref="F1" pin="1" pintype="passive"/>
      <node ref="U4" pin="1" pinfunction="IN" pintype="power_in"/>
    </net>
    <net code="49" name="Net-(C15-Pad1)">
      <node ref="C15" pin="1" pintype="passive"/>
      <node ref="C19" pin="1" pintype="passive"/>
      <node ref="C20" pin="1" pintype="passive"/>
      <node ref="R15" pin="2" pintype="passive"/>
      <node ref="U4" pin="3" pinfunction="OUT" pintype="power_out"/>
    </net>
    <net code="50" name="Net-(D1-Pad2)">
      <node ref="D1" pin="2" pinfunction="A" pintype="passive"/>
      <node ref="FB1" pin="1" pintype="passive"/>
    </net>
    <net code="51" name="Net-(D2-Pad1)">
      <node ref="D2" pin="1" pinfunction="K" pintype="passive"/>
      <node ref="R7" pin="1" pintype="passive"/>
    </net>
    <net code="52" name="Net-(D3-Pad1)">
      <node ref="D3" pin="1" pinfunction="K" pintype="passive"/>
      <node ref="R8" pin="1" pintype="passive"/>
    </net>
    <net code="53" name="Net-(D4-Pad2)">
      <node ref="D4" pin="2" pinfunction="A" pintype="passive"/>
      <node ref="R9" pin="2" pintype="passive"/>
    </net>
    <net code="54" name="Net-(D5-Pad2)">
      <node ref="D5" pin="2" pinfunction="A" pintype="passive"/>
      <node ref="R10" pin="2" pintype="passive"/>
    </net>
    <net code="55" name="Net-(D6-Pad2)">
      <node ref="D6" pin="2" pinfunction="A" pintype="passive"/>
      <node ref="R14" pin="2" pintype="passive"/>
    </net>
    <net code="56" name="Net-(J2-PadA5)">
      <node ref="J2" pin="A5" pinfunction="CC1" pintype="bidirectional"/>
      <node ref="R6" pin="1" pintype="passive"/>
    </net>
    <net code="57" name="Net-(J2-PadA6)">
      <node ref="J2" pin="A6" pinfunction="D+" pintype="bidirectional"/>
      <node ref="J2" pin="B6" pinfunction="D+" pintype="bidirectional"/>
      <node ref="U2" pin="15" pinfunction="USBD+" pintype="bidirectional"/>
    </net>
    <net code="58" name="Net-(J2-PadA7)">
      <node ref="J2" pin="A7" pinfunction="D-" pintype="bidirectional"/>
      <node ref="J2" pin="B7" pinfunction="D-" pintype="bidirectional"/>
      <node ref="U2" pin="16" pinfunction="USBD-" pintype="bidirectional"/>
    </net>
    <net code="59" name="Net-(J2-PadB5)">
      <node ref="J2" pin="B5" pinfunction="CC2" pintype="bidirectional"/>
      <node ref="R5" pin="1" pintype="passive"/>
    </net>
    <net code="60" name="Net-(J3-Pad3)">
      <node ref="J3" pin="3" pinfunction="Pin_3" pintype="passive"/>
      <node ref="U3" pin="41" pinfunction="UPDI" pintype="bidirectional"/>
    </net>
    <net code="61" name="Net-(J5-Pad1)">
      <node ref="J5" pin="1" pintype="passive"/>
      <node ref="J6" pin="1" pintype="passive"/>
      <node ref="R16" pin="1" pintype="passive"/>
      <node ref="U5" pin="6" pinfunction="A" pintype="bidirectional"/>
    </net>
    <net code="62" name="Net-(J5-Pad2)">
      <node ref="J5" pin="2" pintype="passive"/>
      <node ref="J6" pin="2" pintype="passive"/>
      <node ref="SW2" pin="2" pintype="passive"/>
      <node ref="U5" pin="7" pinfunction="B" pintype="bidirectional"/>
    </net>
    <net code="63" name="Net-(R7-Pad2)">
      <node ref="R7" pin="2" pintype="passive"/>
      <node ref="U2" pin="23" pinfunction="CBUS0" pintype="bidirectional"/>
    </net>
    <net code="64" name="Net-(R8-Pad2)">
      <node ref="R8" pin="2" pintype="passive"/>
      <node ref="U2" pin="22" pinfunction="CBUS1" pintype="bidirectional"/>
    </net>
    <net code="65" name="Net-(R11-Pad1)">
      <node ref="R11" pin="1" pintype="passive"/>
      <node ref="SW1" pin="2" pinfunction="2" pintype="passive"/>
    </net>
    <net code="66" name="Net-(R12-Pad1)">
      <node ref="R12" pin="1" pintype="passive"/>
      <node ref="U2" pin="1" pinfunction="TXD" pintype="output"/>
    </net>
    <net code="67" name="Net-(R13-Pad1)">
      <node ref="R13" pin="1" pintype="passive"/>
      <node ref="U2" pin="5" pinfunction="RXD" pintype="input"/>
    </net>
    <net code="68" name="Net-(R16-Pad2)">
      <node ref="R16" pin="2" pintype="passive"/>
      <node ref="SW2" pin="1" pintype="passive"/>
    </net>
    <net code="69" name="VBUS">
      <node ref="C16" pin="1" pintype="passive"/>
      <node ref="C17" pin="1" pintype="passive"/>
      <node ref="F1" pin="2" pintype="passive"/>
      <node ref="J5" pin="7" pintype="passive"/>
      <node ref="J5" pin="8" pintype="passive"/>
      <node ref="J6" pin="7" pintype="passive"/>
      <node ref="J6" pin="8" pintype="passive"/>
    </net>
    <net code="70" name="unconnected-(J2-PadA8)">
      <node ref="J2" pin="A8" pinfunction="SBU1" pintype="bidirectional+no_connect"/>
    </net>
    <net code="71" name="unconnected-(J2-PadB8)">
      <node ref="J2" pin="B8" pinfunction="SBU2" pintype="bidirectional+no_connect"/>
    </net>
    <net code="72" name="unconnected-(J5-Pad3)">
      <node ref="J5" pin="3" pintype="passive+no_connect"/>
    </net>
    <net code="73" name="unconnected-(J5-Pad6)">
      <node ref="J5" pin="6" pintype="passive+no_connect"/>
    </net>
    <net code="74" name="unconnected-(J6-Pad3)">
      <node ref="J6" pin="3" pintype="passive"/>
    </net>
    <net code="75" name="unconnected-(J6-Pad6)">
      <node ref="J6" pin="6" pintype="passive"/>
    </net>
    <net code="76" name="unconnected-(J7-Pad7)">
      <node ref="J7" pin="7" pinfunction="Pin_7" pintype="passive+no_connect"/>
    </net>
    <net code="77" name="unconnected-(J7-Pad8)">
      <node ref="J7" pin="8" pinfunction="Pin_8" pintype="passive+no_connect"/>
    </net>
    <net code="78" name="unconnected-(U1-Pad7)">
      <node ref="U1" pin="7" pintype="no_connect"/>
    </net>
    <net code="79" name="unconnected-(U1-Pad8)">
      <node ref="U1" pin="8" pintype="no_connect"/>
    </net>
    <net code="80" name="unconnected-(U2-Pad3)">
      <node ref="U2" pin="3" pinfunction="RTS" pintype="output+no_connect"/>
    </net>
    <net code="81" name="unconnected-(U2-Pad6)">
      <node ref="U2" pin="6" pinfunction="RI" pintype="input+no_connect"/>
    </net>
    <net code="82" name="unconnected-(U2-Pad9)">
      <node ref="U2" pin="9" pinfunction="DCR" pintype="input+no_connect"/>
    </net>
    <net code="83" name="unconnected-(U2-Pad10)">
      <node ref="U2" pin="10" pinfunction="DCD" pintype="input+no_connect"/>
    </net>
    <net code="84" name="unconnected-(U2-Pad11)">
      <node ref="U2" pin="11" pinfunction="CTS" pintype="input+no_connect"/>
    </net>
    <net code="85" name="unconnected-(U2-Pad12)">
      <node ref="U2" pin="12" pinfunction="CBUS4" pintype="bidirectional+no_connect"/>
    </net>
    <net code="86" name="unconnected-(U2-Pad13)">
      <node ref="U2" pin="13" pinfunction="CBUS2" pintype="bidirectional+no_connect"/>
    </net>
    <net code="87" name="unconnected-(U2-Pad14)">
      <node ref="U2" pin="14" pinfunction="CBUS3" pintype="bidirectional+no_connect"/>
    </net>
    <net code="88" name="unconnected-(U2-Pad26)">
      <node ref="U2" pin="26" pinfunction="TEST" pintype="input+no_connect"/>
    </net>
    <net code="89" name="unconnected-(U2-Pad27)">
      <node ref="U2" pin="27" pinfunction="OSCI" pintype="input+no_connect"/>
    </net>
    <net code="90" name="unconnected-(U2-Pad28)">
      <node ref="U2" pin="28" pinfunction="OSCO" pintype="output+no_connect"/>
    </net>
  </nets>
</export>
