"Id";"Designator";"Package";"Quantity";"Designation";"Supplier and ref";
1;"F1";"Fuseholder_Cylinder-5x20mm_Schurter_0031_8201_Horizontal_Open";1;"1A";;;
2;"SW2";"SW_DIP_SPSTx01_Slide_6.7x4.1mm_W7.62mm_P2.54mm_LowProfile";1;"Termination";;;
3;"J6,J5";"RJ45_Ninigi_GE";2;"RS485";;;
4;"C20,C19,C14,C13";"C_1206_3216Metric_Pad1.33x1.80mm_HandSolder";4;"4u7";;;
5;"J1";"PinSocket_1x06_P2.54mm_Vertical";1;"Analog";;;
6;"J4";"PinSocket_1x06_P2.54mm_Vertical";1;"Digital";;;
7;"U5";"SOIC-8_3.9x4.9mm_P1.27mm";1;"LT1785xS8";;;
8;"U1";"VL53L1X_SATEL";1;"VL53L1X-SATEL";;;
9;"R18,R17,R15";"R_0805_2012Metric_Pad1.20x1.40mm_HandSolder";3;"0";;;
10;"R16";"R_0805_2012Metric_Pad1.20x1.40mm_HandSolder";1;"120";;;
11;"R4,R3,R10";"R_0805_2012Metric_Pad1.20x1.40mm_HandSolder";3;"10k";;;
12;"R2,R1";"R_0805_2012Metric_Pad1.20x1.40mm_HandSolder";2;"2k7";;;
13;"C18,C17,C15,C12,C8,C11,C6,C10,C9,C7,C5,C4,C2";"C_0805_2012Metric_Pad1.18x1.45mm_HandSolder";13;"0.1";;;
14;"C16,C1";"C_0805_2012Metric_Pad1.18x1.45mm_HandSolder";2;"4u7";;;
15;"P5";"PinHeader_1x08_P2.54mm_Vertical";1;"Digital";;;
16;"P3";"PinHeader_1x08_P2.54mm_Vertical";1;"Digital_Analog";;;
17;"D7";"D_SOD-123";1;"BZT52Bxx";;;
18;"U4";"Converter_DCDC_muRata_OKI-78SR_Vertical";1;"OKI-78SR-5_1.5-W36-C";;;
19;"R9,R11,R14,R12,R13,R8,R7";"R_0805_2012Metric_Pad1.20x1.40mm_HandSolder";7;"1k";;;
20;"R6,R5";"R_0805_2012Metric_Pad1.20x1.40mm_HandSolder";2;"5.11k";;;
21;"C3";"C_0805_2012Metric_Pad1.18x1.45mm_HandSolder";1;"0.01";;;
22;"U3";"TQFP-48_7x7mm_P0.5mm";1;"ATmega4809-A";;;
23;"J3";"PinHeader_1x03_P2.54mm_Vertical";1;"Conn_01x03";;;
24;"U2";"SSOP-28_5.3x10.2mm_P0.65mm";1;"FT232RL";;;
25;"SW1";"SW_SPST_PTS645";1;"SW_Push";;;
26;"J2";"USB_C_Receptacle_HRO_TYPE-C-31-M-12";1;"USB_C_Receptacle_USB2.0";;;
27;"FB1";"L_0805_2012Metric_Pad1.15x1.40mm_HandSolder";1;"600ohm";;;
28;"D4";"LED_0805_2012Metric";1;"PWR";;;
29;"D5";"LED_0805_2012Metric";1;"~Reset";;;
30;"D6";"LED_0805_2012Metric";1;"13";;;
31;"D3";"LED_0805_2012Metric";1;"RX";;;
32;"D2";"LED_0805_2012Metric";1;"TX";;;
33;"D1";"D_SOD-123F";1;"D_Schottky";;;
